game_id,season,week,game_date,home_team,away_team,home_coach,away_coach,roof,surface,temp,wind,spread_line,total_line
2022_01_BAL_NYJ,2022,1,2022-09-11,NYJ,BAL,Robert Saleh,John Harbaugh,outdoors,fieldturf,,,-6.5,44.0
2022_01_BUF_LA,2022,1,2022-09-08,LA,BUF,Sean McVay,Sean McDermott,dome,matrixturf,,,-1.0,51.5
2022_01_CLE_CAR,2022,1,2022-09-11,CAR,CLE,Matt Rhule,Kevin Stefanski,outdoors,grass,,,2.5,42.5
2022_01_DEN_SEA,2022,1,2022-09-12,SEA,DEN,Pete Carroll,Nathaniel Hackett,outdoors,fieldturf,,,-6.0,44.0
2022_01_GB_MIN,2022,1,2022-09-11,MIN,GB,Kevin O'Connell,Matt LaFleur,dome,sportturf,,,2.5,47.0
2022_01_IND_HOU,2022,1,2022-09-11,HOU,IND,Lovie Smith,Frank Reich,closed,astroturf,,,-7.0,46.0
2022_01_JAX_WAS,2022,1,2022-09-11,WAS,JAX,Ron Rivera,Doug Pederson,outdoors,grass,,,3.0,43.5
2022_01_KC_ARI,2022,1,2022-09-11,ARI,KC,Kliff Kingsbury,Andy Reid,closed,grass,,,-6.0,54.0
2022_01_LV_LAC,2022,1,2022-09-11,LAC,LV,Brandon Staley,Josh McDaniels,dome,matrixturf,,,3.5,52.5
2022_01_NE_MIA,2022,1,2022-09-11,MIA,NE,Mike McDaniel,Bill Belichick,outdoors,grass,,,3.0,47.0
2022_01_NO_ATL,2022,1,2022-09-11,ATL,NO,Arthur Smith,Dennis Allen,closed,fieldturf,,,-6.0,43.5
2022_01_NYG_TEN,2022,1,2022-09-11,TEN,NYG,Mike Vrabel,Brian Daboll,outdoors,grass,,,5.5,43.5
2022_01_PHI_DET,2022,1,2022-09-11,DET,PHI,Dan Campbell,Nick Sirianni,dome,fieldturf,,,-6.0,49.0
2022_01_PIT_CIN,2022,1,2022-09-11,CIN,PIT,Zac Taylor,Mike Tomlin,outdoors,fieldturf,,,7.5,44.5
2022_01_SF_CHI,2022,1,2022-09-11,CHI,SF,Matt Eberflus,Kyle Shanahan,outdoors,grass,,,-6.5,38.0
2022_01_TB_DAL,2022,1,2022-09-11,DAL,TB,Mike McCarthy,Todd Bowles,closed,matrixturf,,,-2.5,49.5
2022_02_ARI_LV,2022,2,2022-09-18,LV,ARI,Josh McDaniels,Kliff Kingsbury,dome,grass,,,5.5,51.5
2022_02_ATL_LA,2022,2,2022-09-18,LA,ATL,Sean McVay,Arthur Smith,dome,matrixturf,,,10.5,46.5
2022_02_CAR_NYG,2022,2,2022-09-18,NYG,CAR,Brian Daboll,Matt Rhule,outdoors,fieldturf,,,-1.0,44.0
2022_02_CHI_GB,2022,2,2022-09-18,GB,CHI,Matt LaFleur,Matt Eberflus,outdoors,grass,,,10.5,42.0
2022_02_CIN_DAL,2022,2,2022-09-18,DAL,CIN,Mike McCarthy,Zac Taylor,closed,matrixturf,,,-7.5,42.0
2022_02_HOU_DEN,2022,2,2022-09-18,DEN,HOU,Nathaniel Hackett,Lovie Smith,outdoors,grass,,,10.5,46.0
2022_02_IND_JAX,2022,2,2022-09-18,JAX,IND,Doug Pederson,Frank Reich,outdoors,grass,,,-3.0,43.5
2022_02_LAC_KC,2022,2,2022-09-15,KC,LAC,Andy Reid,Brandon Staley,outdoors,grass,,,4.0,52.5
2022_02_MIA_BAL,2022,2,2022-09-18,BAL,MIA,John Harbaugh,Mike McDaniel,outdoors,grass,,,3.0,44.0
2022_02_MIN_PHI,2022,2,2022-09-19,PHI,MIN,Nick Sirianni,Kevin O'Connell,outdoors,grass,,,2.5,49.5
2022_02_NE_PIT,2022,2,2022-09-18,PIT,NE,Mike Tomlin,Bill Belichick,outdoors,grass,,,-3.0,40.0
2022_02_NYJ_CLE,2022,2,2022-09-18,CLE,NYJ,Kevin Stefanski,Robert Saleh,outdoors,grass,,,6.5,38.5
2022_02_SEA_SF,2022,2,2022-09-18,SF,SEA,Kyle Shanahan,Pete Carroll,outdoors,grass,,,8.5,40.0
2022_02_TB_NO,2022,2,2022-09-18,NO,TB,Dennis Allen,Todd Bowles,dome,sportturf,,,-2.5,44.0
2022_02_TEN_BUF,2022,2,2022-09-19,BUF,TEN,Sean McDermott,Mike Vrabel,outdoors,a_turf,,,10.0,47.5
2022_02_WAS_DET,2022,2,2022-09-18,DET,WAS,Dan Campbell,Ron Rivera,dome,fieldturf,,,-1.0,48.5
2022_03_ATL_SEA,2022,3,2022-09-25,SEA,ATL,Pete Carroll,Arthur Smith,outdoors,fieldturf,,,1.0,43.0
2022_03_BAL_NE,2022,3,2022-09-25,NE,BAL,Bill Belichick,John Harbaugh,outdoors,fieldturf,,,-2.5,45.5
2022_03_BUF_MIA,2022,3,2022-09-25,MIA,BUF,Mike McDaniel,Sean McDermott,outdoors,grass,,,-4.0,54.0
2022_03_CIN_NYJ,2022,3,2022-09-25,NYJ,CIN,Robert Saleh,Zac Taylor,outdoors,fieldturf,,,-6.5,46.0
2022_03_DAL_NYG,2022,3,2022-09-26,NYG,DAL,Brian Daboll,Mike McCarthy,outdoors,fieldturf,,,1.0,38.5
2022_03_DET_MIN,2022,3,2022-09-25,MIN,DET,Kevin O'Connell,Dan Campbell,dome,sportturf,,,6.5,52.0
2022_03_GB_TB,2022,3,2022-09-25,TB,GB,Todd Bowles,Matt LaFleur,outdoors,grass,,,1.0,41.5
2022_03_HOU_CHI,2022,3,2022-09-25,CHI,HOU,Matt Eberflus,Lovie Smith,outdoors,grass,,,3.0,40.0
2022_03_JAX_LAC,2022,3,2022-09-25,LAC,JAX,Brandon Staley,Doug Pederson,dome,matrixturf,,,6.5,46.0
2022_03_KC_IND,2022,3,2022-09-25,IND,KC,Frank Reich,Andy Reid,open,fieldturf,,,-4.5,51.0
2022_03_LA_ARI,2022,3,2022-09-25,ARI,LA,Kliff Kingsbury,Sean McVay,closed,grass,,,-3.5,49.0
2022_03_LV_TEN,2022,3,2022-09-25,TEN,LV,Mike Vrabel,Josh McDaniels,outdoors,grass,,,-1.5,45.5
2022_03_NO_CAR,2022,3,2022-09-25,CAR,NO,Matt Rhule,Dennis Allen,outdoors,grass,,,-2.0,41.0
2022_03_PHI_WAS,2022,3,2022-09-25,WAS,PHI,Ron Rivera,Nick Sirianni,outdoors,grass,,,-6.0,47.0
2022_03_PIT_CLE,2022,3,2022-09-22,CLE,PIT,Kevin Stefanski,Mike Tomlin,outdoors,grass,,,4.5,38.0
2022_03_SF_DEN,2022,3,2022-09-25,DEN,SF,Nathaniel Hackett,Kyle Shanahan,outdoors,grass,,,-1.0,44.0
2022_04_ARI_CAR,2022,4,2022-10-02,CAR,ARI,Matt Rhule,Kliff Kingsbury,outdoors,grass,,,1.0,44.0
2022_04_BUF_BAL,2022,4,2022-10-02,BAL,BUF,John Harbaugh,Sean McDermott,outdoors,grass,,,-3.0,50.0
2022_04_CHI_NYG,2022,4,2022-10-02,NYG,CHI,Brian Daboll,Matt Eberflus,outdoors,fieldturf,,,3.0,39.0
2022_04_CLE_ATL,2022,4,2022-10-02,ATL,CLE,Arthur Smith,Kevin Stefanski,open,fieldturf,,,-1.0,48.0
2022_04_DEN_LV,2022,4,2022-10-02,LV,DEN,Josh McDaniels,Nathaniel Hackett,dome,grass,,,2.5,45.5
2022_04_JAX_PHI,2022,4,2022-10-02,PHI,JAX,Nick Sirianni,Doug Pederson,outdoors,grass,,,6.5,44.0
2022_04_KC_TB,2022,4,2022-10-02,TB,KC,Todd Bowles,Andy Reid,outdoors,grass,,,1.0,46.5
2022_04_LAC_HOU,2022,4,2022-10-02,HOU,LAC,Lovie Smith,Brandon Staley,closed,astroturf,,,-5.5,45.0
2022_04_LA_SF,2022,4,2022-10-03,SF,LA,Kyle Shanahan,Sean McVay,outdoors,grass,,,1.0,42.0
2022_04_MIA_CIN,2022,4,2022-09-29,CIN,MIA,Zac Taylor,Mike McDaniel,outdoors,fieldturf,,,4.0,48.5
2022_04_MIN_NO,2022,4,2022-10-02,NO,MIN,Dennis Allen,Kevin O'Connell,outdoors,,,,-4.0,42.0
2022_04_NE_GB,2022,4,2022-10-02,GB,NE,Matt LaFleur,Bill Belichick,outdoors,grass,,,10.0,40.5
2022_04_NYJ_PIT,2022,4,2022-10-02,PIT,NYJ,Mike Tomlin,Robert Saleh,outdoors,grass,,,3.0,41.0
2022_04_SEA_DET,2022,4,2022-10-02,DET,SEA,Dan Campbell,Pete Carroll,dome,fieldturf,,,3.0,48.5
2022_04_TEN_IND,2022,4,2022-10-02,IND,TEN,Frank Reich,Mike Vrabel,open,fieldturf,,,4.5,43.0
2022_04_WAS_DAL,2022,4,2022-10-02,DAL,WAS,Mike McCarthy,Ron Rivera,closed,matrixturf,,,3.0,40.5
2022_05_ATL_TB,2022,5,2022-10-09,TB,ATL,Todd Bowles,Arthur Smith,outdoors,grass,,,10.5,46.0
2022_05_CHI_MIN,2022,5,2022-10-09,MIN,CHI,Kevin O'Connell,Matt Eberflus,dome,sportturf,,,10.0,44.0
2022_05_CIN_BAL,2022,5,2022-10-09,BAL,CIN,John Harbaugh,Zac Taylor,outdoors,grass,,,3.0,47.5
2022_05_DAL_LA,2022,5,2022-10-09,LA,DAL,Sean McVay,Mike McCarthy,dome,matrixturf,,,5.5,42.0
2022_05_DET_NE,2022,5,2022-10-09,NE,DET,Bill Belichick,Dan Campbell,outdoors,fieldturf,,,3.0,46.5
2022_05_HOU_JAX,2022,5,2022-10-09,JAX,HOU,Doug Pederson,Lovie Smith,outdoors,grass,,,7.0,44.0
2022_05_IND_DEN,2022,5,2022-10-06,DEN,IND,Nathaniel Hackett,Frank Reich,outdoors,grass,,,3.5,42.0
2022_05_LAC_CLE,2022,5,2022-10-09,CLE,LAC,Kevin Stefanski,Brandon Staley,outdoors,grass,,,-1.0,47.0
2022_05_LV_KC,2022,5,2022-10-10,KC,LV,Andy Reid,Josh McDaniels,outdoors,grass,,,7.5,51.5
2022_05_MIA_NYJ,2022,5,2022-10-09,NYJ,MIA,Robert Saleh,Mike McDaniel,outdoors,fieldturf,,,-3.0,46.0
2022_05_NYG_GB,2022,5,2022-10-09,GB,NYG,Matt LaFleur,Brian Daboll,outdoors,,,,8.5,42.0
2022_05_PHI_ARI,2022,5,2022-10-09,ARI,PHI,Kliff Kingsbury,Nick Sirianni,closed,grass,,,-5.5,48.5
2022_05_PIT_BUF,2022,5,2022-10-09,BUF,PIT,Sean McDermott,Mike Tomlin,outdoors,a_turf,,,14.0,44.0
2022_05_SEA_NO,2022,5,2022-10-09,NO,SEA,Dennis Allen,Pete Carroll,dome,sportturf,,,5.5,45.5
2022_05_SF_CAR,2022,5,2022-10-09,CAR,SF,Matt Rhule,Kyle Shanahan,outdoors,grass,,,-6.0,40.0
2022_05_TEN_WAS,2022,5,2022-10-09,WAS,TEN,Ron Rivera,Mike Vrabel,outdoors,grass,,,-1.0,43.0
2022_06_ARI_SEA,2022,6,2022-10-16,SEA,ARI,Pete Carroll,Kliff Kingsbury,outdoors,fieldturf,,,-2.5,50.0
2022_06_BAL_NYG,2022,6,2022-10-16,NYG,BAL,Brian Daboll,John Harbaugh,outdoors,fieldturf,,,-5.5,46.0
2022_06_BUF_KC,2022,6,2022-10-16,KC,BUF,Andy Reid,Sean McDermott,outdoors,grass,,,-2.5,54.0
2022_06_CAR_LA,2022,6,2022-10-16,LA,CAR,Sean McVay,Steve Wilks,dome,matrixturf,,,10.0,41.5
2022_06_CIN_NO,2022,6,2022-10-16,NO,CIN,Dennis Allen,Zac Taylor,dome,sportturf,,,-3.0,42.5
2022_06_DAL_PHI,2022,6,2022-10-16,PHI,DAL,Nick Sirianni,Mike McCarthy,outdoors,grass,,,6.5,42.5
2022_06_DEN_LAC,2022,6,2022-10-17,LAC,DEN,Brandon Staley,Nathaniel Hackett,dome,matrixturf,,,3.5,45.5
2022_06_JAX_IND,2022,6,2022-10-16,IND,JAX,Frank Reich,Doug Pederson,open,fieldturf,,,1.0,41.0
2022_06_MIN_MIA,2022,6,2022-10-16,MIA,MIN,Mike McDaniel,Kevin O'Connell,outdoors,grass,,,-3.0,45.0
2022_06_NE_CLE,2022,6,2022-10-16,CLE,NE,Kevin Stefanski,Bill Belichick,outdoors,grass,,,2.5,43.0
2022_06_NYJ_GB,2022,6,2022-10-16,GB,NYJ,Matt LaFleur,Robert Saleh,outdoors,grass,,,7.5,44.5
2022_06_SF_ATL,2022,6,2022-10-16,ATL,SF,Arthur Smith,Kyle Shanahan,open,fieldturf,,,-3.5,46.0
2022_06_TB_PIT,2022,6,2022-10-16,PIT,TB,Mike Tomlin,Todd Bowles,outdoors,grass,,,-10.0,47.0
2022_06_WAS_CHI,2022,6,2022-10-13,CHI,WAS,Matt Eberflus,Ron Rivera,outdoors,grass,,,-1.0,38.5
2022_07_ATL_CIN,2022,7,2022-10-23,CIN,ATL,Zac Taylor,Arthur Smith,outdoors,fieldturf,,,6.5,47.5
2022_07_CHI_NE,2022,7,2022-10-24,NE,CHI,Bill Belichick,Matt Eberflus,outdoors,fieldturf,,,9.5,40.0
2022_07_CLE_BAL,2022,7,2022-10-23,BAL,CLE,John Harbaugh,Kevin Stefanski,outdoors,grass,,,6.5,46.0
2022_07_DET_DAL,2022,7,2022-10-23,DAL,DET,Mike McCarthy,Dan Campbell,closed,matrixturf,,,7.0,49.5
2022_07_GB_WAS,2022,7,2022-10-23,WAS,GB,Ron Rivera,Matt LaFleur,outdoors,grass,,,-4.0,41.5
2022_07_HOU_LV,2022,7,2022-10-23,LV,HOU,Josh McDaniels,Lovie Smith,dome,grass,,,7.0,46.0
2022_07_IND_TEN,2022,7,2022-10-23,TEN,IND,Mike Vrabel,Frank Reich,outdoors,grass,,,2.5,43.0
2022_07_KC_SF,2022,7,2022-10-23,SF,KC,Kyle Shanahan,Andy Reid,outdoors,,,,-1.0,49.0
2022_07_NO_ARI,2022,7,2022-10-20,ARI,NO,Kliff Kingsbury,Dennis Allen,open,grass,,,2.5,44.0
2022_07_NYG_JAX,2022,7,2022-10-23,JAX,NYG,Doug Pederson,Brian Daboll,outdoors,grass,,,3.0,44.0
2022_07_NYJ_DEN,2022,7,2022-10-23,DEN,NYJ,Nathaniel Hackett,Robert Saleh,outdoors,grass,,,-2.0,37.0
2022_07_PIT_MIA,2022,7,2022-10-23,MIA,PIT,Mike McDaniel,Mike Tomlin,outdoors,grass,,,7.5,44.5
2022_07_SEA_LAC,2022,7,2022-10-23,LAC,SEA,Brandon Staley,Pete Carroll,dome,matrixturf,,,5.5,51.5
2022_07_TB_CAR,2022,7,2022-10-23,CAR,TB,Steve Wilks,Todd Bowles,outdoors,grass,,,-13.0,39.5
2022_08_ARI_MIN,2022,8,2022-10-30,MIN,ARI,Kevin O'Connell,Kliff Kingsbury,dome,sportturf,,,4.0,48.5
2022_08_BAL_TB,2022,8,2022-10-27,TB,BAL,Todd Bowles,John Harbaugh,outdoors,grass,,,2.0,46.0
2022_08_CAR_ATL,2022,8,2022-10-30,ATL,CAR,Arthur Smith,Steve Wilks,closed,fieldturf,,,4.5,41.0
2022_08_CHI_DAL,2022,8,2022-10-30,DAL,CHI,Mike McCarthy,Matt Eberflus,open,matrixturf,,,10.5,43.0
2022_08_CIN_CLE,2022,8,2022-10-31,CLE,CIN,Kevin Stefanski,Zac Taylor,outdoors,grass,66.0,9.0,-3.0,45.0
2022_08_DEN_JAX,2022,8,2022-10-30,JAX,DEN,Doug Pederson,Nathaniel Hackett,outdoors,,,,1.0,41.0
2022_08_GB_BUF,2022,8,2022-10-30,BUF,GB,Sean McDermott,Matt LaFleur,outdoors,a_turf,,,10.5,47.0
2022_08_LV_NO,2022,8,2022-10-30,NO,LV,Dennis Allen,Josh McDaniels,dome,sportturf,,,-1.0,48.5
2022_08_MIA_DET,2022,8,2022-10-30,DET,MIA,Dan Campbell,Mike McDaniel,dome,fieldturf,,,-3.5,52.0
2022_08_NE_NYJ,2022,8,2022-10-30,NYJ,NE,Robert Saleh,Bill Belichick,outdoors,fieldturf,,,-3.0,40.0
2022_08_NYG_SEA,2022,8,2022-10-30,SEA,NYG,Pete Carroll,Brian Daboll,outdoors,fieldturf,,,3.0,44.5
2022_08_PIT_PHI,2022,8,2022-10-30,PHI,PIT,Nick Sirianni,Mike Tomlin,outdoors,grass,,,11.0,43.0
2022_08_SF_LA,2022,8,2022-10-30,LA,SF,Sean McVay,Kyle Shanahan,dome,matrixturf,,,-1.0,42.0
2022_08_TEN_HOU,2022,8,2022-10-30,HOU,TEN,Lovie Smith,Mike Vrabel,closed,astroturf,,,-1.0,39.0
2022_08_WAS_IND,2022,8,2022-10-30,IND,WAS,Frank Reich,Ron Rivera,closed,fieldturf,,,3.0,40.5
2022_09_BAL_NO,2022,9,2022-11-07,NO,BAL,Dennis Allen,John Harbaugh,dome,sportturf,,,-1.0,46.0
2022_09_BUF_NYJ,2022,9,2022-11-06,NYJ,BUF,Robert Saleh,Sean McDermott,outdoors,fieldturf,69.0,17.0,-11.0,46.0
2022_09_CAR_CIN,2022,9,2022-11-06,CIN,CAR,Zac Taylor,Steve Wilks,outdoors,fieldturf,68.0,11.0,7.0,43.0
2022_09_GB_DET,2022,9,2022-11-06,DET,GB,Dan Campbell,Matt LaFleur,dome,fieldturf,,,-4.0,49.5
2022_09_IND_NE,2022,9,2022-11-06,NE,IND,Bill Belichick,Frank Reich,outdoors,fieldturf,78.0,13.0,5.0,40.0
2022_09_LAC_ATL,2022,9,2022-11-06,ATL,LAC,Arthur Smith,Brandon Staley,open,fieldturf,,,-2.5,49.5
2022_09_LA_TB,2022,9,2022-11-06,TB,LA,Todd Bowles,Sean McVay,outdoors,grass,88.0,2.0,3.0,43.0
2022_09_LV_JAX,2022,9,2022-11-06,JAX,LV,Doug Pederson,Josh McDaniels,outdoors,grass,81.0,14.0,-2.5,47.5
2022_09_MIA_CHI,2022,9,2022-11-06,CHI,MIA,Matt Eberflus,Mike McDaniel,outdoors,grass,58.0,17.0,-4.0,46.0
2022_09_MIN_WAS,2022,9,2022-11-06,WAS,MIN,Ron Rivera,Kevin O'Connell,outdoors,grass,71.0,11.0,-3.0,43.5
2022_09_PHI_HOU,2022,9,2022-11-03,HOU,PHI,Lovie Smith,Nick Sirianni,closed,astroturf,,,-14.0,45.5
2022_09_SEA_ARI,2022,9,2022-11-06,ARI,SEA,Kliff Kingsbury,Pete Carroll,open,grass,,,1.5,49.5
2022_09_TEN_KC,2022,9,2022-11-06,KC,TEN,Andy Reid,Mike Vrabel,outdoors,grass,54.0,7.0,14.0,45.0
2022_10_ARI_LA,2022,10,2022-11-13,LA,ARI,Sean McVay,Kliff Kingsbury,dome,matrixturf,,,3.5,38.0
2022_10_ATL_CAR,2022,10,2022-11-10,CAR,ATL,Steve Wilks,Arthur Smith,outdoors,grass,61.0,12.0,-2.5,41.5
2022_10_CLE_MIA,2022,10,2022-11-13,MIA,CLE,Mike McDaniel,Kevin Stefanski,outdoors,grass,85.0,7.0,3.0,49.0
2022_10_DAL_GB,2022,10,2022-11-13,GB,DAL,Matt LaFleur,Mike McCarthy,outdoors,grass,33.0,8.0,-3.5,44.5
2022_10_DEN_TEN,2022,10,2022-11-13,TEN,DEN,Mike Vrabel,Nathaniel Hackett,outdoors,grass,36.0,9.0,2.5,40.0
2022_10_DET_CHI,2022,10,2022-11-13,CHI,DET,Matt Eberflus,Dan Campbell,outdoors,grass,34.0,13.0,3.0,48.5
2022_10_HOU_NYG,2022,10,2022-11-13,NYG,HOU,Brian Daboll,Lovie Smith,outdoors,fieldturf,50.0,15.0,5.5,41.5
2022_10_IND_LV,2022,10,2022-11-13,LV,IND,Josh McDaniels,Jeff Saturday,dome,grass,,,4.5,41.0
2022_10_JAX_KC,2022,10,2022-11-13,KC,JAX,Andy Reid,Doug Pederson,outdoors,grass,33.0,7.0,10.0,51.5
2022_10_LAC_SF,2022,10,2022-11-13,SF,LAC,Kyle Shanahan,Brandon Staley,outdoors,grass,57.0,6.0,8.5,45.5
2022_10_MIN_BUF,2022,10,2022-11-13,BUF,MIN,Sean McDermott,Kevin O'Connell,outdoors,a_turf,38.0,11.0,6.5,47.0
2022_10_NO_PIT,2022,10,2022-11-13,PIT,NO,Mike Tomlin,Dennis Allen,outdoors,grass,37.0,15.0,1.0,39.5
2022_10_SEA_TB,2022,10,2022-11-13,TB,SEA,Todd Bowles,Pete Carroll,outdoors,,,,2.5,45.0
2022_10_WAS_PHI,2022,10,2022-11-14,PHI,WAS,Nick Sirianni,Ron Rivera,outdoors,grass,43.0,6.0,11.0,43.0
2022_11_CAR_BAL,2022,11,2022-11-20,BAL,CAR,John Harbaugh,Steve Wilks,outdoors,grass,36.0,2.0,13.0,42.0
2022_11_CHI_ATL,2022,11,2022-11-20,ATL,CHI,Arthur Smith,Matt Eberflus,closed,fieldturf,,,3.0,48.5
2022_11_CIN_PIT,2022,11,2022-11-20,PIT,CIN,Mike Tomlin,Zac Taylor,outdoors,grass,27.0,12.0,-3.5,39.0
2022_11_CLE_BUF,2022,11,2022-11-20,BUF,CLE,Sean McDermott,Kevin Stefanski,dome,fieldturf,,,7.5,50.5
2022_11_DAL_MIN,2022,11,2022-11-20,MIN,DAL,Kevin O'Connell,Mike McCarthy,dome,sportturf,,,-1.5,48.5
2022_11_DET_NYG,2022,11,2022-11-20,NYG,DET,Brian Daboll,Dan Campbell,outdoors,fieldturf,35.0,21.0,3.0,44.0
2022_11_KC_LAC,2022,11,2022-11-20,LAC,KC,Brandon Staley,Andy Reid,dome,matrixturf,,,-5.5,52.5
2022_11_LA_NO,2022,11,2022-11-20,NO,LA,Dennis Allen,Sean McVay,dome,sportturf,,,2.5,39.5
2022_11_LV_DEN,2022,11,2022-11-20,DEN,LV,Nathaniel Hackett,Josh McDaniels,outdoors,grass,49.0,11.0,2.5,41.5
2022_11_NYJ_NE,2022,11,2022-11-20,NE,NYJ,Bill Belichick,Robert Saleh,outdoors,fieldturf,42.0,2.0,3.5,38.5
2022_11_PHI_IND,2022,11,2022-11-20,IND,PHI,Jeff Saturday,Nick Sirianni,closed,fieldturf,,,-6.5,45.5
2022_11_SF_ARI,2022,11,2022-11-21,ARI,SF,Kliff Kingsbury,Kyle Shanahan,outdoors,,,,-10.0,43.5
2022_11_TEN_GB,2022,11,2022-11-17,GB,TEN,Matt LaFleur,Mike Vrabel,outdoors,grass,25.0,11.0,3.0,40.5
2022_11_WAS_HOU,2022,11,2022-11-20,HOU,WAS,Lovie Smith,Ron Rivera,closed,astroturf,,,-3.0,41.0
2022_12_ATL_WAS,2022,12,2022-11-27,WAS,ATL,Ron Rivera,Arthur Smith,outdoors,grass,46.0,9.0,3.5,40.5
2022_12_BAL_JAX,2022,12,2022-11-27,JAX,BAL,Doug Pederson,John Harbaugh,outdoors,grass,77.0,19.0,-3.5,43.0
2022_12_BUF_DET,2022,12,2022-11-24,DET,BUF,Dan Campbell,Sean McDermott,dome,fieldturf,,,-10.0,54.0
2022_12_CHI_NYJ,2022,12,2022-11-27,NYJ,CHI,Robert Saleh,Matt Eberflus,outdoors,fieldturf,50.0,9.0,8.5,36.5
2022_12_CIN_TEN,2022,12,2022-11-27,TEN,CIN,Mike Vrabel,Zac Taylor,outdoors,grass,56.0,14.0,-1.0,43.0
2022_12_DEN_CAR,2022,12,2022-11-27,CAR,DEN,Steve Wilks,Nathaniel Hackett,outdoors,grass,66.0,15.0,-1.0,36.5
2022_12_GB_PHI,2022,12,2022-11-27,PHI,GB,Nick Sirianni,Matt LaFleur,outdoors,grass,62.0,24.0,6.5,46.0
2022_12_HOU_MIA,2022,12,2022-11-27,MIA,HOU,Mike McDaniel,Lovie Smith,outdoors,grass,84.0,13.0,14.0,47.0
2022_12_LAC_ARI,2022,12,2022-11-27,ARI,LAC,Kliff Kingsbury,Brandon Staley,closed,grass,,,-2.5,48.5
2022_12_LA_KC,2022,12,2022-11-27,KC,LA,Andy Reid,Sean McVay,outdoors,grass,44.0,6.0,16.5,42.0
2022_12_LV_SEA,2022,12,2022-11-27,SEA,LV,Pete Carroll,Josh McDaniels,outdoors,fieldturf,44.0,8.0,4.0,47.5
2022_12_NE_MIN,2022,12,2022-11-24,MIN,NE,Kevin O'Connell,Bill Belichick,dome,sportturf,,,2.5,42.5
2022_12_NO_SF,2022,12,2022-11-27,SF,NO,Kyle Shanahan,Dennis Allen,outdoors,grass,59.0,2.0,9.5,44.0
2022_12_NYG_DAL,2022,12,2022-11-24,DAL,NYG,Mike McCarthy,Brian Daboll,closed,matrixturf,,,10.5,45.5
2022_12_PIT_IND,2022,12,2022-11-28,IND,PIT,Jeff Saturday,Mike Tomlin,closed,fieldturf,,,2.5,40.0
2022_12_TB_CLE,2022,12,2022-11-27,CLE,TB,Kevin Stefanski,Todd Bowles,outdoors,grass,56.0,14.0,-3.0,42.0
2022_13_BUF_NE,2022,13,2022-12-01,NE,BUF,Bill Belichick,Sean McDermott,outdoors,fieldturf,35.0,2.0,-3.5,43.5
2022_13_CLE_HOU,2022,13,2022-12-04,HOU,CLE,Lovie Smith,Kevin Stefanski,closed,astroturf,,,-7.5,47.0
2022_13_DEN_BAL,2022,13,2022-12-04,BAL,DEN,John Harbaugh,Nathaniel Hackett,outdoors,grass,63.0,8.0,9.5,40.5
2022_13_GB_CHI,2022,13,2022-12-04,CHI,GB,Matt Eberflus,Matt LaFleur,outdoors,grass,38.0,12.0,-4.0,45.0
2022_13_IND_DAL,2022,13,2022-12-04,DAL,IND,Mike McCarthy,Jeff Saturday,closed,matrixturf,,,11.0,44.5
2022_13_JAX_DET,2022,13,2022-12-04,DET,JAX,Dan Campbell,Doug Pederson,dome,fieldturf,,,1.0,51.5
2022_13_KC_CIN,2022,13,2022-12-04,CIN,KC,Zac Taylor,Andy Reid,outdoors,fieldturf,57.0,2.0,-2.5,53.0
2022_13_LAC_LV,2022,13,2022-12-04,LV,LAC,Josh McDaniels,Brandon Staley,dome,grass,,,2.5,49.0
2022_13_MIA_SF,2022,13,2022-12-04,SF,MIA,Kyle Shanahan,Mike McDaniel,outdoors,grass,38.0,6.0,4.5,46.0
2022_13_NO_TB,2022,13,2022-12-05,TB,NO,Todd Bowles,Dennis Allen,outdoors,grass,69.0,2.0,3.5,41.0
2022_13_NYJ_MIN,2022,13,2022-12-04,MIN,NYJ,Kevin O'Connell,Robert Saleh,dome,sportturf,,,3.0,44.0
2022_13_PIT_ATL,2022,13,2022-12-04,ATL,PIT,Arthur Smith,Mike Tomlin,closed,fieldturf,,,-1.0,43.0
2022_13_SEA_LA,2022,13,2022-12-04,LA,SEA,Sean McVay,Pete Carroll,dome,matrixturf,,,-7.0,41.0
2022_13_TEN_PHI,2022,13,2022-12-04,PHI,TEN,Nick Sirianni,Mike Vrabel,outdoors,grass,60.0,7.0,5.0,44.5
2022_13_WAS_NYG,2022,13,2022-12-04,NYG,WAS,Brian Daboll,Ron Rivera,outdoors,fieldturf,40.0,9.0,-2.5,40.0
2022_14_BAL_PIT,2022,14,2022-12-11,PIT,BAL,Mike Tomlin,John Harbaugh,outdoors,grass,42.0,12.0,1.5,37.0
2022_14_CAR_SEA,2022,14,2022-12-11,SEA,CAR,Pete Carroll,Steve Wilks,outdoors,fieldturf,45.0,4.0,3.5,44.5
2022_14_CLE_CIN,2022,14,2022-12-11,CIN,CLE,Zac Taylor,Kevin Stefanski,outdoors,fieldturf,47.0,8.0,4.5,47.0
2022_14_HOU_DAL,2022,14,2022-12-11,DAL,HOU,Mike McCarthy,Lovie Smith,closed,matrixturf,,,17.0,44.5
2022_14_JAX_TEN,2022,14,2022-12-11,TEN,JAX,Mike Vrabel,Doug Pederson,outdoors,grass,54.0,8.0,3.0,42.0
2022_14_KC_DEN,2022,14,2022-12-11,DEN,KC,Nathaniel Hackett,Andy Reid,outdoors,grass,55.0,4.0,-8.5,44.5
2022_14_LV_LA,2022,14,2022-12-08,LA,LV,Sean McVay,Josh McDaniels,dome,matrixturf,,,-6.5,42.5
2022_14_MIA_LAC,2022,14,2022-12-11,LAC,MIA,Brandon Staley,Mike McDaniel,dome,matrixturf,,,-3.0,54.5
2022_14_MIN_DET,2022,14,2022-12-11,DET,MIN,Dan Campbell,Kevin O'Connell,dome,fieldturf,,,2.5,51.5
2022_14_NE_ARI,2022,14,2022-12-12,ARI,NE,Kliff Kingsbury,Bill Belichick,closed,grass,,,-2.0,44.0
2022_14_NYJ_BUF,2022,14,2022-12-11,BUF,NYJ,Sean McDermott,Robert Saleh,outdoors,a_turf,36.0,11.0,10.0,43.5
2022_14_PHI_NYG,2022,14,2022-12-11,NYG,PHI,Brian Daboll,Nick Sirianni,outdoors,fieldturf,37.0,6.0,-7.5,44.5
2022_14_TB_SF,2022,14,2022-12-11,SF,TB,Kyle Shanahan,Todd Bowles,outdoors,grass,54.0,8.0,3.5,38.0
2022_15_ARI_DEN,2022,15,2022-12-18,DEN,ARI,Nathaniel Hackett,Kliff Kingsbury,outdoors,grass,37.0,4.0,1.5,37.5
2022_15_ATL_NO,2022,15,2022-12-18,NO,ATL,Dennis Allen,Arthur Smith,dome,sportturf,,,5.0,43.5
2022_15_BAL_CLE,2022,15,2022-12-17,CLE,BAL,Kevin Stefanski,John Harbaugh,outdoors,grass,34.0,12.0,2.5,39.5
2022_15_CIN_TB,2022,15,2022-12-18,TB,CIN,Todd Bowles,Zac Taylor,outdoors,grass,66.0,6.0,-3.5,47.0
2022_15_DAL_JAX,2022,15,2022-12-18,JAX,DAL,Doug Pederson,Mike McCarthy,outdoors,grass,54.0,9.0,-4.0,48.5
2022_15_DET_NYJ,2022,15,2022-12-18,NYJ,DET,Robert Saleh,Dan Campbell,outdoors,fieldturf,38.0,13.0,2.0,44.0
2022_15_IND_MIN,2022,15,2022-12-17,MIN,IND,Kevin O'Connell,Jeff Saturday,dome,sportturf,,,3.5,46.5
2022_15_KC_HOU,2022,15,2022-12-18,HOU,KC,Lovie Smith,Andy Reid,closed,astroturf,,,-14.5,48.5
2022_15_LA_GB,2022,15,2022-12-19,GB,LA,Matt LaFleur,Sean McVay,outdoors,grass,15.0,4.0,8.0,39.5
2022_15_MIA_BUF,2022,15,2022-12-17,BUF,MIA,Sean McDermott,Mike McDaniel,outdoors,a_turf,29.0,4.0,7.0,44.0
2022_15_NE_LV,2022,15,2022-12-18,LV,NE,Josh McDaniels,Bill Belichick,dome,grass,,,1.0,45.0
2022_15_NYG_WAS,2022,15,2022-12-18,WAS,NYG,Ron Rivera,Brian Daboll,outdoors,grass,35.0,13.0,4.5,40.5
2022_15_PHI_CHI,2022,15,2022-12-18,CHI,PHI,Matt Eberflus,Nick Sirianni,outdoors,grass,17.0,17.0,-8.5,48.0
2022_15_PIT_CAR,2022,15,2022-12-18,CAR,PIT,Steve Wilks,Mike Tomlin,outdoors,grass,47.0,7.0,2.5,36.5
2022_15_SF_SEA,2022,15,2022-12-15,SEA,SF,Pete Carroll,Kyle Shanahan,outdoors,fieldturf,,,-3.0,43.0
2022_15_TEN_LAC,2022,15,2022-12-18,LAC,TEN,Brandon Staley,Mike Vrabel,dome,matrixturf,,,3.0,46.5
2022_16_ATL_BAL,2022,16,2022-12-24,BAL,ATL,John Harbaugh,Arthur Smith,outdoors,grass,17.0,9.0,6.5,35.0
2022_16_BUF_CHI,2022,16,2022-12-24,CHI,BUF,Matt Eberflus,Sean McDermott,outdoors,grass,7.0,17.0,-8.0,40.0
2022_16_CIN_NE,2022,16,2022-12-24,NE,CIN,Bill Belichick,Zac Taylor,outdoors,fieldturf,21.0,2.0,-3.0,42.0
2022_16_DEN_LA,2022,16,2022-12-25,LA,DEN,Sean McVay,Nathaniel Hackett,dome,matrixturf,,,-3.0,36.5
2022_16_DET_CAR,2022,16,2022-12-24,CAR,DET,Steve Wilks,Dan Campbell,outdoors,grass,20.0,12.0,-2.5,43.5
2022_16_GB_MIA,2022,16,2022-12-25,MIA,GB,Mike McDaniel,Matt LaFleur,outdoors,grass,45.0,14.0,3.5,49.0
2022_16_HOU_TEN,2022,16,2022-12-24,TEN,HOU,Mike Vrabel,Lovie Smith,outdoors,grass,22.0,14.0,3.0,34.0
2022_16_JAX_NYJ,2022,16,2022-12-22,NYJ,JAX,Robert Saleh,Doug Pederson,outdoors,fieldturf,43.0,17.0,2.5,36.5
2022_16_LAC_IND,2022,16,2022-12-26,IND,LAC,Jeff Saturday,Brandon Staley,closed,fieldturf,,,-3.5,44.5
2022_16_LV_PIT,2022,16,2022-12-24,PIT,LV,Mike Tomlin,Josh McDaniels,outdoors,grass,9.0,21.0,2.5,38.5
2022_16_NO_CLE,2022,16,2022-12-24,CLE,NO,Kevin Stefanski,Dennis Allen,outdoors,grass,6.0,27.0,3.0,32.0
2022_16_NYG_MIN,2022,16,2022-12-24,MIN,NYG,Kevin O'Connell,Brian Daboll,dome,sportturf,,,4.5,48.0
2022_16_PHI_DAL,2022,16,2022-12-24,DAL,PHI,Mike McCarthy,Nick Sirianni,closed,matrixturf,,,4.0,48.0
2022_16_SEA_KC,2022,16,2022-12-24,KC,SEA,Andy Reid,Pete Carroll,outdoors,grass,12.0,9.0,10.5,50.5
2022_16_TB_ARI,2022,16,2022-12-25,ARI,TB,Kliff Kingsbury,Todd Bowles,open,grass,,,-7.5,41.5
2022_16_WAS_SF,2022,16,2022-12-24,SF,WAS,Kyle Shanahan,Ron Rivera,outdoors,grass,54.0,2.0,6.5,37.5
2022_17_ARI_ATL,2022,17,2023-01-01,ATL,ARI,Arthur Smith,Kliff Kingsbury,closed,fieldturf,,,7.0,41.0
2022_17_CAR_TB,2022,17,2023-01-01,TB,CAR,Todd Bowles,Steve Wilks,outdoors,grass,75.0,2.0,3.5,40.5
2022_17_CHI_DET,2022,17,2023-01-01,DET,CHI,Dan Campbell,Matt Eberflus,dome,fieldturf,,,4.5,52.5
2022_17_CLE_WAS,2022,17,2023-01-01,WAS,CLE,Ron Rivera,Kevin Stefanski,outdoors,grass,59.0,9.0,1.0,41.5
2022_17_DAL_TEN,2022,17,2022-12-29,TEN,DAL,Mike Vrabel,Mike McCarthy,outdoors,grass,56.0,4.0,-14.0,41.0
2022_17_DEN_KC,2022,17,2023-01-01,KC,DEN,Andy Reid,Jay Rosburg,outdoors,grass,47.0,2.0,13.5,46.0
2022_17_IND_NYG,2022,17,2023-01-01,NYG,IND,Brian Daboll,Jeff Saturday,outdoors,fieldturf,52.0,14.0,5.5,38.5
2022_17_JAX_HOU,2022,17,2023-01-01,HOU,JAX,Lovie Smith,Doug Pederson,closed,astroturf,,,-3.5,43.0
2022_17_LA_LAC,2022,17,2023-01-01,LAC,LA,Brandon Staley,Sean McVay,dome,matrixturf,,,6.5,41.5
2022_17_MIA_NE,2022,17,2023-01-01,NE,MIA,Bill Belichick,Mike McDaniel,outdoors,fieldturf,53.0,2.0,3.0,41.5
2022_17_MIN_GB,2022,17,2023-01-01,GB,MIN,Matt LaFleur,Kevin O'Connell,outdoors,grass,39.0,7.0,3.0,47.5
2022_17_NO_PHI,2022,17,2023-01-01,PHI,NO,Nick Sirianni,Dennis Allen,outdoors,grass,54.0,11.0,5.5,41.5
2022_17_NYJ_SEA,2022,17,2023-01-01,SEA,NYJ,Pete Carroll,Robert Saleh,outdoors,fieldturf,45.0,2.0,-1.0,43.0
2022_17_PIT_BAL,2022,17,2023-01-01,BAL,PIT,John Harbaugh,Mike Tomlin,outdoors,grass,44.0,2.0,1.0,35.5
2022_17_SF_LV,2022,17,2023-01-01,LV,SF,Josh McDaniels,Kyle Shanahan,dome,grass,,,-10.0,41.5
2022_18_ARI_SF,2022,18,2023-01-08,SF,ARI,Kyle Shanahan,Kliff Kingsbury,outdoors,grass,57.0,2.0,14.0,40.0
2022_18_BAL_CIN,2022,18,2023-01-08,CIN,BAL,Zac Taylor,John Harbaugh,outdoors,fieldturf,38.0,7.0,11.0,39.0
2022_18_CAR_NO,2022,18,2023-01-08,NO,CAR,Dennis Allen,Steve Wilks,dome,sportturf,,,3.5,41.5
2022_18_CLE_PIT,2022,18,2023-01-08,PIT,CLE,Mike Tomlin,Kevin Stefanski,outdoors,grass,36.0,8.0,2.5,40.0
2022_18_DAL_WAS,2022,18,2023-01-08,WAS,DAL,Ron Rivera,Mike McCarthy,outdoors,grass,42.0,7.0,-7.5,40.5
2022_18_DET_GB,2022,18,2023-01-08,GB,DET,Matt LaFleur,Dan Campbell,outdoors,grass,21.0,4.0,5.5,49.0
2022_18_HOU_IND,2022,18,2023-01-08,IND,HOU,Jeff Saturday,Lovie Smith,closed,fieldturf,,,3.0,38.0
2022_18_KC_LV,2022,18,2023-01-07,LV,KC,Josh McDaniels,Andy Reid,dome,grass,,,-9.0,51.5
2022_18_LAC_DEN,2022,18,2023-01-08,DEN,LAC,Jay Rosburg,Brandon Staley,outdoors,grass,43.0,4.0,6.0,38.5
2022_18_LA_SEA,2022,18,2023-01-08,SEA,LA,Pete Carroll,Sean McVay,outdoors,fieldturf,45.0,4.0,5.5,41.5
2022_18_MIN_CHI,2022,18,2023-01-08,CHI,MIN,Matt Eberflus,Kevin O'Connell,outdoors,grass,32.0,2.0,-6.5,42.5
2022_18_NE_BUF,2022,18,2023-01-08,BUF,NE,Sean McDermott,Bill Belichick,outdoors,a_turf,30.0,6.0,8.0,44.0
2022_18_NYG_PHI,2022,18,2023-01-08,PHI,NYG,Nick Sirianni,Brian Daboll,outdoors,grass,43.0,12.0,16.5,42.5
2022_18_NYJ_MIA,2022,18,2023-01-08,MIA,NYJ,Mike McDaniel,Robert Saleh,outdoors,grass,75.0,9.0,3.5,37.5
2022_18_TB_ATL,2022,18,2023-01-08,ATL,TB,Arthur Smith,Todd Bowles,closed,fieldturf,,,6.0,40.5
2022_18_TEN_JAX,2022,18,2023-01-07,JAX,TEN,Doug Pederson,Mike Vrabel,outdoors,grass,56.0,4.0,6.0,39.5
2023_01_ARI_WAS,2023,1,2023-09-10,WAS,ARI,Ron Rivera,Jonathan Gannon,outdoors,,,,7.0,38.0
2023_01_BUF_NYJ,2023,1,2023-09-11,NYJ,BUF,Robert Saleh,Sean McDermott,outdoors,,,,-2.5,44.5
2023_01_CAR_ATL,2023,1,2023-09-10,ATL,CAR,Arthur Smith,Frank Reich,closed,,,,3.5,40.5
2023_01_CIN_CLE,2023,1,2023-09-10,CLE,CIN,Kevin Stefanski,Zac Taylor,outdoors,,,,-1.0,46.5
2023_01_DAL_NYG,2023,1,2023-09-10,NYG,DAL,Brian Daboll,Mike McCarthy,outdoors,,,,-3.5,44.5
2023_01_DET_KC,2023,1,2023-09-07,KC,DET,Andy Reid,Dan Campbell,outdoors,,,,4.0,53.0
2023_01_GB_CHI,2023,1,2023-09-10,CHI,GB,Matt Eberflus,Matt LaFleur,outdoors,,,,1.0,41.0
2023_01_HOU_BAL,2023,1,2023-09-10,BAL,HOU,John Harbaugh,DeMeco Ryans,outdoors,,,,9.5,43.5
2023_01_JAX_IND,2023,1,2023-09-10,IND,JAX,Shane Steichen,Doug Pederson,closed,,,,-4.0,45.5
2023_01_LA_SEA,2023,1,2023-09-10,SEA,LA,Pete Carroll,Sean McVay,outdoors,,,,4.5,45.0
2023_01_LV_DEN,2023,1,2023-09-10,DEN,LV,Sean Payton,Josh McDaniels,outdoors,,,,3.0,43.0
2023_01_MIA_LAC,2023,1,2023-09-10,LAC,MIA,Brandon Staley,Mike McDaniel,dome,,,,3.0,50.5
2023_01_PHI_NE,2023,1,2023-09-10,NE,PHI,Bill Belichick,Nick Sirianni,outdoors,,,,-3.5,44.5
2023_01_SF_PIT,2023,1,2023-09-10,PIT,SF,Mike Tomlin,Kyle Shanahan,outdoors,,,,-1.5,41.5
2023_01_TB_MIN,2023,1,2023-09-10,MIN,TB,Kevin O'Connell,Todd Bowles,dome,,,,4.0,45.0
2023_01_TEN_NO,2023,1,2023-09-10,NO,TEN,Dennis Allen,Mike Vrabel,dome,,,,3.0,41.0
2023_02_BAL_CIN,2023,2,2023-09-17,CIN,BAL,Zac Taylor,John Harbaugh,outdoors,,,,3.5,45.5
2023_02_CHI_TB,2023,2,2023-09-17,TB,CHI,Todd Bowles,Matt Eberflus,outdoors,,,,2.5,41.0
2023_02_CLE_PIT,2023,2,2023-09-18,PIT,CLE,Mike Tomlin,Kevin Stefanski,outdoors,,,,-2.5,39.0
2023_02_GB_ATL,2023,2,2023-09-17,ATL,GB,Arthur Smith,Matt LaFleur,open,,,,3.0,40.5
2023_02_IND_HOU,2023,2,2023-09-17,HOU,IND,DeMeco Ryans,Shane Steichen,open,,,,-1.0,40.0
2023_02_KC_JAX,2023,2,2023-09-17,JAX,KC,Doug Pederson,Andy Reid,outdoors,,,,-3.5,50.5
2023_02_LAC_TEN,2023,2,2023-09-17,TEN,LAC,Mike Vrabel,Brandon Staley,outdoors,,,,-2.5,45.5
2023_02_LV_BUF,2023,2,2023-09-17,BUF,LV,Sean McDermott,Josh McDaniels,outdoors,,,,7.5,47.0
2023_02_MIA_NE,2023,2,2023-09-17,NE,MIA,Bill Belichick,Mike McDaniel,outdoors,,,,-2.0,46.5
2023_02_MIN_PHI,2023,2,2023-09-14,PHI,MIN,Nick Sirianni,Kevin O'Connell,outdoors,,,,6.0,49.0
2023_02_NO_CAR,2023,2,2023-09-18,CAR,NO,Frank Reich,Dennis Allen,outdoors,,,,-3.0,39.5
2023_02_NYG_ARI,2023,2,2023-09-17,ARI,NYG,Jonathan Gannon,Brian Daboll,closed,,,,-5.0,40.0
2023_02_NYJ_DAL,2023,2,2023-09-17,DAL,NYJ,Mike McCarthy,Robert Saleh,open,,,,8.5,38.5
2023_02_SEA_DET,2023,2,2023-09-17,DET,SEA,Dan Campbell,Pete Carroll,dome,,,,4.5,47.5
2023_02_SF_LA,2023,2,2023-09-17,LA,SF,Sean McVay,Kyle Shanahan,dome,,,,-7.5,45.0
2023_02_WAS_DEN,2023,2,2023-09-17,DEN,WAS,Sean Payton,Ron Rivera,outdoors,,,,4.0,38.5
2023_03_ATL_DET,2023,3,2023-09-24,DET,ATL,Dan Campbell,Arthur Smith,dome,fieldturf,,,3.0,47.5
2023_03_BUF_WAS,2023,3,2023-09-24,WAS,BUF,Ron Rivera,Sean McDermott,outdoors,grass,65.0,1.0,-5.5,44.0
2023_03_CAR_SEA,2023,3,2023-09-24,SEA,CAR,Pete Carroll,Frank Reich,outdoors,fieldturf,61.0,2.0,5.0,42.5
2023_03_CHI_KC,2023,3,2023-09-24,KC,CHI,Andy Reid,Matt Eberflus,outdoors,grass,,,13.0,48.0
2023_03_DAL_ARI,2023,3,2023-09-24,ARI,DAL,Jonathan Gannon,Mike McCarthy,open,grass,,,-11.5,43.5
2023_03_DEN_MIA,2023,3,2023-09-24,MIA,DEN,Mike McDaniel,Sean Payton,outdoors,grass,86.0,5.0,6.0,47.5
2023_03_HOU_JAX,2023,3,2023-09-24,JAX,HOU,Doug Pederson,DeMeco Ryans,outdoors,grass,84.0,6.0,7.5,43.5
2023_03_IND_BAL,2023,3,2023-09-24,BAL,IND,John Harbaugh,Shane Steichen,outdoors,grass,68.0,3.0,7.5,43.5
2023_03_LAC_MIN,2023,3,2023-09-24,MIN,LAC,Kevin O'Connell,Brandon Staley,dome,sportturf,,,1.0,54.0
2023_03_LA_CIN,2023,3,2023-09-25,CIN,LA,Zac Taylor,Sean McVay,outdoors,fieldturf,74.0,7.0,3.0,45.5
2023_03_NE_NYJ,2023,3,2023-09-24,NYJ,NE,Robert Saleh,Bill Belichick,outdoors,fieldturf,64.0,14.0,-2.5,35.5
2023_03_NO_GB,2023,3,2023-09-24,GB,NO,Matt LaFleur,Dennis Allen,outdoors,grass,68.0,10.0,-1.5,41.5
2023_03_NYG_SF,2023,3,2023-09-21,SF,NYG,Kyle Shanahan,Brian Daboll,outdoors,grass,77.0,13.0,10.5,43.5
2023_03_PHI_TB,2023,3,2023-09-25,TB,PHI,Todd Bowles,Nick Sirianni,outdoors,grass,90.0,4.0,-6.0,44.0
2023_03_PIT_LV,2023,3,2023-09-24,LV,PIT,Josh McDaniels,Mike Tomlin,dome,grass,,,3.0,43.5
2023_03_TEN_CLE,2023,3,2023-09-24,CLE,TEN,Kevin Stefanski,Mike Vrabel,outdoors,grass,68.0,5.0,3.5,38.0
2023_04_ARI_SF,2023,4,2023-10-01,SF,ARI,Kyle Shanahan,Jonathan Gannon,outdoors,grass,75.0,9.0,15.0,44.0
2023_04_ATL_JAX,2023,4,2023-10-01,JAX,ATL,Doug Pederson,Arthur Smith,outdoors,,,,3.5,42.5
2023_04_BAL_CLE,2023,4,2023-10-01,CLE,BAL,Kevin Stefanski,John Harbaugh,outdoors,grass,71.0,7.0,-2.0,38.5
2023_04_CIN_TEN,2023,4,2023-10-01,TEN,CIN,Mike Vrabel,Zac Taylor,outdoors,grass,82.0,4.0,-2.5,41.5
2023_04_DEN_CHI,2023,4,2023-10-01,CHI,DEN,Matt Eberflus,Sean Payton,outdoors,grass,80.0,2.0,-3.0,47.0
2023_04_DET_GB,2023,4,2023-09-28,GB,DET,Matt LaFleur,Dan Campbell,outdoors,grass,64.0,8.0,-2.5,45.0
2023_04_KC_NYJ,2023,4,2023-10-01,NYJ,KC,Robert Saleh,Andy Reid,outdoors,fieldturf,69.0,5.0,-9.5,41.5
2023_04_LA_IND,2023,4,2023-10-01,IND,LA,Shane Steichen,Sean McVay,open,fieldturf,,,-1.0,44.5
2023_04_LV_LAC,2023,4,2023-10-01,LAC,LV,Brandon Staley,Josh McDaniels,dome,matrixturf,,,7.0,49.0
2023_04_MIA_BUF,2023,4,2023-10-01,BUF,MIA,Sean McDermott,Mike McDaniel,outdoors,a_turf,70.0,2.0,2.5,53.0
2023_04_MIN_CAR,2023,4,2023-10-01,CAR,MIN,Frank Reich,Kevin O'Connell,outdoors,grass,78.0,7.0,-4.5,46.5
2023_04_NE_DAL,2023,4,2023-10-01,DAL,NE,Mike McCarthy,Bill Belichick,closed,matrixturf,,,6.5,43.0
2023_04_PIT_HOU,2023,4,2023-10-01,HOU,PIT,DeMeco Ryans,Mike Tomlin,open,astroturf,,,-3.0,41.5
2023_04_SEA_NYG,2023,4,2023-10-02,NYG,SEA,Brian Daboll,Pete Carroll,outdoors,fieldturf,67.0,8.0,-2.5,46.5
2023_04_TB_NO,2023,4,2023-10-01,NO,TB,Dennis Allen,Todd Bowles,dome,sportturf,,,4.0,41.0
2023_04_WAS_PHI,2023,4,2023-10-01,PHI,WAS,Nick Sirianni,Ron Rivera,outdoors,grass,,,9.5,43.0
2023_05_BAL_PIT,2023,5,2023-10-08,PIT,BAL,Mike Tomlin,John Harbaugh,outdoors,grass,53.0,13.0,-4.5,38.5
2023_05_CAR_DET,2023,5,2023-10-08,DET,CAR,Dan Campbell,Frank Reich,dome,fieldturf,,,9.5,43.5
2023_05_CHI_WAS,2023,5,2023-10-05,WAS,CHI,Ron Rivera,Matt Eberflus,outdoors,grass,70.0,1.0,6.0,45.5
2023_05_CIN_ARI,2023,5,2023-10-08,ARI,CIN,Jonathan Gannon,Zac Taylor,closed,grass,,,-3.0,45.5
2023_05_DAL_SF,2023,5,2023-10-08,SF,DAL,Kyle Shanahan,Mike McCarthy,outdoors,grass,78.0,10.0,3.5,45.0
2023_05_GB_LV,2023,5,2023-10-09,LV,GB,Josh McDaniels,Matt LaFleur,dome,grass,,,1.0,45.0
2023_05_HOU_ATL,2023,5,2023-10-08,ATL,HOU,Arthur Smith,DeMeco Ryans,open,fieldturf,,,2.5,42.0
2023_05_JAX_BUF,2023,5,2023-10-08,BUF,JAX,Sean McDermott,Doug Pederson,outdoors,,,,5.5,48.5
2023_05_KC_MIN,2023,5,2023-10-08,MIN,KC,Kevin O'Connell,Andy Reid,dome,sportturf,,,-3.5,52.5
2023_05_NO_NE,2023,5,2023-10-08,NE,NO,Bill Belichick,Dennis Allen,outdoors,fieldturf,61.0,10.0,2.5,38.5
2023_05_NYG_MIA,2023,5,2023-10-08,MIA,NYG,Mike McDaniel,Brian Daboll,outdoors,grass,88.0,8.0,12.5,47.5
2023_05_NYJ_DEN,2023,5,2023-10-08,DEN,NYJ,Sean Payton,Robert Saleh,outdoors,grass,73.0,9.0,2.5,42.5
2023_05_PHI_LA,2023,5,2023-10-08,LA,PHI,Sean McVay,Nick Sirianni,dome,matrixturf,,,-3.5,50.5
2023_05_TEN_IND,2023,5,2023-10-08,IND,TEN,Shane Steichen,Mike Vrabel,open,fieldturf,,,-2.5,43.5
2023_06_ARI_LA,2023,6,2023-10-15,LA,ARI,Sean McVay,Jonathan Gannon,dome,matrixturf,,,7.0,48.0
2023_06_BAL_TEN,2023,6,2023-10-15,TEN,BAL,Mike Vrabel,John Harbaugh,outdoors,,,,-5.5,42.5
2023_06_CAR_MIA,2023,6,2023-10-15,MIA,CAR,Mike McDaniel,Frank Reich,outdoors,grass,87.0,12.0,14.0,47.5
2023_06_DAL_LAC,2023,6,2023-10-16,LAC,DAL,Brandon Staley,Mike McCarthy,dome,matrixturf,,,-1.5,49.5
2023_06_DEN_KC,2023,6,2023-10-12,KC,DEN,Andy Reid,Sean Payton,outdoors,grass,,,10.5,47.5
2023_06_DET_TB,2023,6,2023-10-15,TB,DET,Todd Bowles,Dan Campbell,outdoors,grass,77.0,13.0,-3.0,43.5
2023_06_IND_JAX,2023,6,2023-10-15,JAX,IND,Doug Pederson,Shane Steichen,outdoors,grass,,,4.0,44.0
2023_06_MIN_CHI,2023,6,2023-10-15,CHI,MIN,Matt Eberflus,Kevin O'Connell,outdoors,grass,53.0,16.0,-3.0,44.5
2023_06_NE_LV,2023,6,2023-10-15,LV,NE,Josh McDaniels,Bill Belichick,dome,grass,,,3.0,41.5
2023_06_NO_HOU,2023,6,2023-10-15,HOU,NO,DeMeco Ryans,Dennis Allen,closed,astroturf,,,-2.0,42.5
2023_06_NYG_BUF,2023,6,2023-10-15,BUF,NYG,Sean McDermott,Brian Daboll,outdoors,a_turf,46.0,7.0,15.5,43.5
2023_06_PHI_NYJ,2023,6,2023-10-15,NYJ,PHI,Robert Saleh,Nick Sirianni,outdoors,fieldturf,59.0,11.0,-6.5,43.0
2023_06_SEA_CIN,2023,6,2023-10-15,CIN,SEA,Zac Taylor,Pete Carroll,outdoors,fieldturf,57.0,15.0,3.0,45.5
2023_06_SF_CLE,2023,6,2023-10-15,CLE,SF,Kevin Stefanski,Kyle Shanahan,outdoors,grass,53.0,15.0,-9.5,36.0
2023_06_WAS_ATL,2023,6,2023-10-15,ATL,WAS,Arthur Smith,Ron Rivera,closed,fieldturf,,,1.5,42.0
2023_07_ARI_SEA,2023,7,2023-10-22,SEA,ARI,Pete Carroll,Jonathan Gannon,outdoors,fieldturf,56.0,5.0,9.5,43.5
2023_07_ATL_TB,2023,7,2023-10-22,TB,ATL,Todd Bowles,Arthur Smith,outdoors,grass,79.0,3.0,3.0,37.5
2023_07_BUF_NE,2023,7,2023-10-22,NE,BUF,Bill Belichick,Sean McDermott,outdoors,fieldturf,55.0,13.0,-7.5,41.0
2023_07_CLE_IND,2023,7,2023-10-22,IND,CLE,Shane Steichen,Kevin Stefanski,open,fieldturf,,,-3.5,40.0
2023_07_DET_BAL,2023,7,2023-10-22,BAL,DET,John Harbaugh,Dan Campbell,outdoors,grass,62.0,16.0,3.0,43.5
2023_07_GB_DEN,2023,7,2023-10-22,DEN,GB,Sean Payton,Matt LaFleur,outdoors,grass,72.0,9.0,1.5,44.0
2023_07_JAX_NO,2023,7,2023-10-19,NO,JAX,Dennis Allen,Doug Pederson,dome,sportturf,,,2.5,41.0
2023_07_LAC_KC,2023,7,2023-10-22,KC,LAC,Andy Reid,Brandon Staley,outdoors,grass,72.0,10.0,5.5,48.5
2023_07_LV_CHI,2023,7,2023-10-22,CHI,LV,Matt Eberflus,Josh McDaniels,outdoors,grass,52.0,8.0,-2.5,38.5
2023_07_MIA_PHI,2023,7,2023-10-22,PHI,MIA,Nick Sirianni,Mike McDaniel,outdoors,grass,55.0,17.0,3.0,52.0
2023_07_PIT_LA,2023,7,2023-10-22,LA,PIT,Sean McVay,Mike Tomlin,dome,matrixturf,,,3.5,44.0
2023_07_SF_MIN,2023,7,2023-10-23,MIN,SF,Kevin O'Connell,Kyle Shanahan,dome,sportturf,,,-7.0,44.5
2023_07_WAS_NYG,2023,7,2023-10-22,NYG,WAS,Brian Daboll,Ron Rivera,outdoors,fieldturf,54.0,14.0,-3.0,37.0
2023_08_ATL_TEN,2023,8,2023-10-29,TEN,ATL,Mike Vrabel,Arthur Smith,outdoors,grass,77.0,7.0,-2.5,35.0
2023_08_BAL_ARI,2023,8,2023-10-29,ARI,BAL,Jonathan Gannon,John Harbaugh,closed,grass,,,-9.5,44.5
2023_08_CHI_LAC,2023,8,2023-10-29,LAC,CHI,Brandon Staley,Matt Eberflus,dome,matrixturf,,,9.5,46.0
2023_08_CIN_SF,2023,8,2023-10-29,SF,CIN,Kyle Shanahan,Zac Taylor,outdoors,grass,74.0,10.0,4.0,44.0
2023_08_CLE_SEA,2023,8,2023-10-29,SEA,CLE,Pete Carroll,Kevin Stefanski,outdoors,fieldturf,47.0,3.0,4.0,39.5
2023_08_HOU_CAR,2023,8,2023-10-29,CAR,HOU,Frank Reich,DeMeco Ryans,outdoors,grass,77.0,14.0,-3.0,43.0
2023_08_JAX_PIT,2023,8,2023-10-29,PIT,JAX,Mike Tomlin,Doug Pederson,outdoors,grass,58.0,2.0,-2.5,41.0
2023_08_KC_DEN,2023,8,2023-10-29,DEN,KC,Sean Payton,Andy Reid,outdoors,grass,26.0,7.0,-7.0,45.5
2023_08_LA_DAL,2023,8,2023-10-29,DAL,LA,Mike McCarthy,Sean McVay,closed,matrixturf,,,6.5,44.5
2023_08_LV_DET,2023,8,2023-10-30,DET,LV,Dan Campbell,Josh McDaniels,dome,fieldturf,,,7.0,46.0
2023_08_MIN_GB,2023,8,2023-10-29,GB,MIN,Matt LaFleur,Kevin O'Connell,outdoors,grass,39.0,8.0,-1.0,41.5
2023_08_NE_MIA,2023,8,2023-10-29,MIA,NE,Mike McDaniel,Bill Belichick,outdoors,grass,83.0,17.0,7.5,46.5
2023_08_NO_IND,2023,8,2023-10-29,IND,NO,Shane Steichen,Dennis Allen,closed,fieldturf,,,-2.0,43.5
2023_08_NYJ_NYG,2023,8,2023-10-29,NYG,NYJ,Brian Daboll,Robert Saleh,outdoors,fieldturf,52.0,6.0,-3.0,35.0
2023_08_PHI_WAS,2023,8,2023-10-29,WAS,PHI,Ron Rivera,Nick Sirianni,outdoors,grass,69.0,4.0,-7.0,42.5
2023_08_TB_BUF,2023,8,2023-10-26,BUF,TB,Sean McDermott,Todd Bowles,outdoors,a_turf,66.0,10.0,10.0,43.0
2023_09_ARI_CLE,2023,9,2023-11-05,CLE,ARI,Kevin Stefanski,Jonathan Gannon,outdoors,grass,56.0,7.0,13.0,38.0
2023_09_BUF_CIN,2023,9,2023-11-05,CIN,BUF,Zac Taylor,Sean McDermott,outdoors,fieldturf,51.0,5.0,1.5,51.0
2023_09_CHI_NO,2023,9,2023-11-05,NO,CHI,Dennis Allen,Matt Eberflus,dome,sportturf,,,9.0,42.0
2023_09_DAL_PHI,2023,9,2023-11-05,PHI,DAL,Nick Sirianni,Mike McCarthy,outdoors,grass,64.0,6.0,3.5,46.5
2023_09_IND_CAR,2023,9,2023-11-05,CAR,IND,Frank Reich,Shane Steichen,outdoors,grass,75.0,2.0,-1.5,45.0
2023_09_LAC_NYJ,2023,9,2023-11-06,NYJ,LAC,Robert Saleh,Brandon Staley,outdoors,fieldturf,48.0,4.0,-3.0,41.0
2023_09_LA_GB,2023,9,2023-11-05,GB,LA,Matt LaFleur,Sean McVay,outdoors,grass,51.0,8.0,3.5,38.0
2023_09_MIA_KC,2023,9,2023-11-05,KC,MIA,Andy Reid,Mike McDaniel,outdoors,grass,,,1.0,51.0
2023_09_MIN_ATL,2023,9,2023-11-05,ATL,MIN,Arthur Smith,Kevin O'Connell,open,fieldturf,,,3.5,38.5
2023_09_NYG_LV,2023,9,2023-11-05,LV,NYG,Antonio Pierce,Brian Daboll,dome,grass,,,1.0,38.5
2023_09_SEA_BAL,2023,9,2023-11-05,BAL,SEA,John Harbaugh,Pete Carroll,outdoors,grass,70.0,6.0,6.0,44.5
2023_09_TB_HOU,2023,9,2023-11-05,HOU,TB,DeMeco Ryans,Todd Bowles,closed,astroturf,,,2.5,39.5
2023_09_TEN_PIT,2023,9,2023-11-02,PIT,TEN,Mike Tomlin,Mike Vrabel,outdoors,grass,40.0,5.0,3.5,37.0
2023_09_WAS_NE,2023,9,2023-11-05,NE,WAS,Bill Belichick,Ron Rivera,outdoors,fieldturf,62.0,6.0,2.5,40.5
2023_10_ATL_ARI,2023,10,2023-11-12,ARI,ATL,Jonathan Gannon,Arthur Smith,closed,grass,,,-2.0,43.5
2023_10_CAR_CHI,2023,10,2023-11-09,CHI,CAR,Matt Eberflus,Frank Reich,outdoors,grass,51.0,8.0,3.0,38.0
2023_10_CLE_BAL,2023,10,2023-11-12,BAL,CLE,John Harbaugh,Kevin Stefanski,outdoors,grass,49.0,4.0,6.0,38.5
2023_10_DEN_BUF,2023,10,2023-11-13,BUF,DEN,Sean McDermott,Sean Payton,outdoors,a_turf,49.0,10.0,7.5,47.5
2023_10_DET_LAC,2023,10,2023-11-12,LAC,DET,Brandon Staley,Dan Campbell,dome,matrixturf,,,-2.5,48.5
2023_10_GB_PIT,2023,10,2023-11-12,PIT,GB,Mike Tomlin,Matt LaFleur,outdoors,grass,50.0,5.0,3.0,38.5
2023_10_HOU_CIN,2023,10,2023-11-12,CIN,HOU,Zac Taylor,DeMeco Ryans,outdoors,fieldturf,56.0,6.0,5.5,46.0
2023_10_IND_NE,2023,10,2023-11-12,NE,IND,Bill Belichick,Shane Steichen,outdoors,grass,,,-1.0,42.0
2023_10_NO_MIN,2023,10,2023-11-12,MIN,NO,Kevin O'Connell,Dennis Allen,dome,sportturf,,,-3.0,41.0
2023_10_NYG_DAL,2023,10,2023-11-12,DAL,NYG,Mike McCarthy,Brian Daboll,closed,matrixturf,,,17.5,38.5
2023_10_NYJ_LV,2023,10,2023-11-12,LV,NYJ,Antonio Pierce,Robert Saleh,dome,grass,,,-1.0,35.5
2023_10_SF_JAX,2023,10,2023-11-12,JAX,SF,Doug Pederson,Kyle Shanahan,outdoors,grass,59.0,11.0,-3.0,44.5
2023_10_TEN_TB,2023,10,2023-11-12,TB,TEN,Todd Bowles,Mike Vrabel,outdoors,grass,85.0,6.0,2.5,39.5
2023_10_WAS_SEA,2023,10,2023-11-12,SEA,WAS,Pete Carroll,Ron Rivera,outdoors,fieldturf,52.0,4.0,6.0,44.0
2023_11_ARI_HOU,2023,11,2023-11-19,HOU,ARI,DeMeco Ryans,Jonathan Gannon,closed,astroturf,,,5.5,48.0
2023_11_CHI_DET,2023,11,2023-11-19,DET,CHI,Dan Campbell,Matt Eberflus,dome,fieldturf,,,8.0,48.0
2023_11_CIN_BAL,2023,11,2023-11-16,BAL,CIN,John Harbaugh,Zac Taylor,outdoors,grass,56.0,1.0,4.0,46.5
2023_11_DAL_CAR,2023,11,2023-11-19,CAR,DAL,Frank Reich,Mike McCarthy,outdoors,grass,65.0,2.0,-11.0,43.0
2023_11_LAC_GB,2023,11,2023-11-19,GB,LAC,Matt LaFleur,Brandon Staley,outdoors,grass,45.0,5.0,-3.0,44.0
2023_11_LV_MIA,2023,11,2023-11-19,MIA,LV,Mike McDaniel,Antonio Pierce,outdoors,grass,82.0,7.0,14.0,44.5
2023_11_MIN_DEN,2023,11,2023-11-19,DEN,MIN,Sean Payton,Kevin O'Connell,outdoors,grass,53.0,3.0,2.5,43.5
2023_11_NYG_WAS,2023,11,2023-11-19,WAS,NYG,Ron Rivera,Brian Daboll,outdoors,grass,56.0,7.0,7.5,39.0
2023_11_NYJ_BUF,2023,11,2023-11-19,BUF,NYJ,Sean McDermott,Robert Saleh,outdoors,a_turf,40.0,9.0,8.0,39.5
2023_11_PHI_KC,2023,11,2023-11-20,KC,PHI,Andy Reid,Nick Sirianni,outdoors,grass,45.0,12.0,2.5,46.0
2023_11_PIT_CLE,2023,11,2023-11-19,CLE,PIT,Kevin Stefanski,Mike Tomlin,outdoors,grass,48.0,11.0,2.5,34.0
2023_11_SEA_LA,2023,11,2023-11-19,LA,SEA,Sean McVay,Pete Carroll,dome,matrixturf,,,2.5,45.0
2023_11_TB_SF,2023,11,2023-11-19,SF,TB,Kyle Shanahan,Todd Bowles,outdoors,grass,65.0,10.0,13.5,41.5
2023_11_TEN_JAX,2023,11,2023-11-19,JAX,TEN,Doug Pederson,Mike Vrabel,outdoors,grass,75.0,3.0,6.5,40.0
2023_12_BAL_LAC,2023,12,2023-11-26,LAC,BAL,Brandon Staley,John Harbaugh,dome,matrixturf,,,-3.0,49.0
2023_12_BUF_PHI,2023,12,2023-11-26,PHI,BUF,Nick Sirianni,Sean McDermott,outdoors,grass,47.0,6.0,2.5,49.0
2023_12_CAR_TEN,2023,12,2023-11-26,TEN,CAR,Mike Vrabel,Frank Reich,outdoors,grass,51.0,13.0,3.5,36.0
2023_12_CHI_MIN,2023,12,2023-11-27,MIN,CHI,Kevin O'Connell,Matt Eberflus,dome,sportturf,,,3.0,43.5
2023_12_CLE_DEN,2023,12,2023-11-26,DEN,CLE,Sean Payton,Kevin Stefanski,outdoors,grass,40.0,5.0,1.5,37.5
2023_12_GB_DET,2023,12,2023-11-23,DET,GB,Dan Campbell,Matt LaFleur,dome,fieldturf,,,8.5,47.0
2023_12_JAX_HOU,2023,12,2023-11-26,HOU,JAX,DeMeco Ryans,Doug Pederson,closed,astroturf,,,-1.0,48.0
2023_12_KC_LV,2023,12,2023-11-26,LV,KC,Antonio Pierce,Andy Reid,dome,grass,,,-9.0,42.5
2023_12_LA_ARI,2023,12,2023-11-26,ARI,LA,Jonathan Gannon,Sean McVay,closed,grass,,,-3.0,45.0
2023_12_MIA_NYJ,2023,12,2023-11-24,NYJ,MIA,Robert Saleh,Mike McDaniel,outdoors,fieldturf,48.0,11.0,-9.5,40.0
2023_12_NE_NYG,2023,12,2023-11-26,NYG,NE,Brian Daboll,Bill Belichick,outdoors,fieldturf,43.0,6.0,-4.5,36.5
2023_12_NO_ATL,2023,12,2023-11-26,ATL,NO,Arthur Smith,Dennis Allen,closed,fieldturf,,,-2.0,42.0
2023_12_PIT_CIN,2023,12,2023-11-26,CIN,PIT,Zac Taylor,Mike Tomlin,outdoors,fieldturf,48.0,9.0,-2.0,36.0
2023_12_SF_SEA,2023,12,2023-11-23,SEA,SF,Pete Carroll,Kyle Shanahan,outdoors,fieldturf,39.0,4.0,-7.0,43.5
2023_12_TB_IND,2023,12,2023-11-26,IND,TB,Shane Steichen,Todd Bowles,closed,fieldturf,,,2.5,45.0
2023_12_WAS_DAL,2023,12,2023-11-23,DAL,WAS,Mike McCarthy,Ron Rivera,closed,matrixturf,,,13.0,48.0
2023_13_ARI_PIT,2023,13,2023-12-03,PIT,ARI,Mike Tomlin,Jonathan Gannon,outdoors,grass,56.0,12.0,6.0,41.0
2023_13_ATL_NYJ,2023,13,2023-12-03,NYJ,ATL,Robert Saleh,Arthur Smith,outdoors,fieldturf,50.0,8.0,-2.0,33.0
2023_13_CAR_TB,2023,13,2023-12-03,TB,CAR,Todd Bowles,Chris Tabor,outdoors,grass,81.0,8.0,4.0,37.0
2023_13_CIN_JAX,2023,13,2023-12-04,JAX,CIN,Doug Pederson,Zac Taylor,outdoors,grass,61.0,4.0,10.0,41.0
2023_13_CLE_LA,2023,13,2023-12-03,LA,CLE,Sean McVay,Kevin Stefanski,dome,matrixturf,,,3.5,39.5
2023_13_DEN_HOU,2023,13,2023-12-03,HOU,DEN,DeMeco Ryans,Sean Payton,closed,astroturf,,,3.5,47.5
2023_13_DET_NO,2023,13,2023-12-03,NO,DET,Dennis Allen,Dan Campbell,dome,sportturf,,,-4.0,47.5
2023_13_IND_TEN,2023,13,2023-12-03,TEN,IND,Mike Vrabel,Shane Steichen,outdoors,grass,53.0,13.0,-1.5,42.0
2023_13_KC_GB,2023,13,2023-12-03,GB,KC,Matt LaFleur,Andy Reid,outdoors,grass,31.0,9.0,-5.5,43.5
2023_13_LAC_NE,2023,13,2023-12-03,NE,LAC,Bill Belichick,Brandon Staley,outdoors,fieldturf,44.0,8.0,-4.5,38.5
2023_13_MIA_WAS,2023,13,2023-12-03,WAS,MIA,Ron Rivera,Mike McDaniel,outdoors,grass,53.0,2.0,-8.5,50.0
2023_13_SEA_DAL,2023,13,2023-11-30,DAL,SEA,Mike McCarthy,Pete Carroll,closed,matrixturf,,,9.5,47.5
2023_13_SF_PHI,2023,13,2023-12-03,PHI,SF,Nick Sirianni,Kyle Shanahan,outdoors,grass,52.0,44.0,-3.0,46.5
2023_14_BUF_KC,2023,14,2023-12-10,KC,BUF,Andy Reid,Sean McDermott,outdoors,grass,45.0,5.0,2.0,49.5
2023_14_CAR_NO,2023,14,2023-12-10,NO,CAR,Dennis Allen,Chris Tabor,dome,sportturf,,,5.5,39.0
2023_14_DEN_LAC,2023,14,2023-12-10,LAC,DEN,Brandon Staley,Sean Payton,dome,matrixturf,,,3.0,45.0
2023_14_DET_CHI,2023,14,2023-12-10,CHI,DET,Matt Eberflus,Dan Campbell,outdoors,grass,36.0,12.0,-3.0,44.5
2023_14_GB_NYG,2023,14,2023-12-11,NYG,GB,Brian Daboll,Matt LaFleur,outdoors,fieldturf,39.0,14.0,-6.0,37.5
2023_14_HOU_NYJ,2023,14,2023-12-10,NYJ,HOU,Robert Saleh,DeMeco Ryans,outdoors,fieldturf,58.0,7.0,-3.5,33.5
2023_14_IND_CIN,2023,14,2023-12-10,CIN,IND,Zac Taylor,Shane Steichen,outdoors,fieldturf,40.0,9.0,3.0,45.0
2023_14_JAX_CLE,2023,14,2023-12-10,CLE,JAX,Kevin Stefanski,Doug Pederson,outdoors,grass,39.0,11.0,2.5,37.5
2023_14_LA_BAL,2023,14,2023-12-10,BAL,LA,John Harbaugh,Sean McVay,outdoors,grass,57.0,5.0,7.5,42.0
2023_14_MIN_LV,2023,14,2023-12-10,LV,MIN,Antonio Pierce,Kevin O'Connell,dome,grass,,,-3.0,40.5
2023_14_NE_PIT,2023,14,2023-12-07,PIT,NE,Mike Tomlin,Bill Belichick,outdoors,grass,42.0,5.0,6.0,30.0
2023_14_PHI_DAL,2023,14,2023-12-10,DAL,PHI,Mike McCarthy,Nick Sirianni,closed,matrixturf,,,3.5,52.5
2023_14_SEA_SF,2023,14,2023-12-10,SF,SEA,Kyle Shanahan,Pete Carroll,outdoors,grass,63.0,5.0,14.5,44.5
2023_14_TB_ATL,2023,14,2023-12-10,ATL,TB,Arthur Smith,Todd Bowles,closed,fieldturf,,,1.5,41.5
2023_14_TEN_MIA,2023,14,2023-12-11,MIA,TEN,Mike McDaniel,Mike Vrabel,outdoors,grass,64.0,9.0,14.0,45.0
2023_15_ATL_CAR,2023,15,2023-12-17,CAR,ATL,Chris Tabor,Arthur Smith,outdoors,grass,47.0,11.0,-3.0,32.0
2023_15_BAL_JAX,2023,15,2023-12-17,JAX,BAL,Doug Pederson,John Harbaugh,outdoors,grass,58.0,13.0,-4.0,42.5
2023_15_CHI_CLE,2023,15,2023-12-17,CLE,CHI,Kevin Stefanski,Matt Eberflus,outdoors,grass,45.0,15.0,3.0,38.0
2023_15_DAL_BUF,2023,15,2023-12-17,BUF,DAL,Sean McDermott,Mike McCarthy,outdoors,a_turf,48.0,9.0,2.0,49.5
2023_15_DEN_DET,2023,15,2023-12-16,DET,DEN,Dan Campbell,Sean Payton,dome,fieldturf,,,5.5,49.0
2023_15_HOU_TEN,2023,15,2023-12-17,TEN,HOU,Mike Vrabel,DeMeco Ryans,outdoors,grass,48.0,9.0,3.0,38.0
2023_15_KC_NE,2023,15,2023-12-17,NE,KC,Bill Belichick,Andy Reid,outdoors,fieldturf,53.0,7.0,-10.0,39.5
2023_15_LAC_LV,2023,15,2023-12-14,LV,LAC,Antonio Pierce,Brandon Staley,dome,grass,,,3.0,36.0
2023_15_MIN_CIN,2023,15,2023-12-16,CIN,MIN,Zac Taylor,Kevin O'Connell,outdoors,fieldturf,53.0,5.0,3.0,41.5
2023_15_NYG_NO,2023,15,2023-12-17,NO,NYG,Dennis Allen,Brian Daboll,dome,sportturf,,,6.0,39.5
2023_15_NYJ_MIA,2023,15,2023-12-17,MIA,NYJ,Mike McDaniel,Robert Saleh,outdoors,grass,76.0,15.0,7.5,36.0
2023_15_PHI_SEA,2023,15,2023-12-18,SEA,PHI,Pete Carroll,Nick Sirianni,outdoors,fieldturf,46.0,2.0,-5.0,46.0
2023_15_PIT_IND,2023,15,2023-12-16,IND,PIT,Shane Steichen,Mike Tomlin,closed,fieldturf,,,1.5,41.5
2023_15_SF_ARI,2023,15,2023-12-17,ARI,SF,Jonathan Gannon,Kyle Shanahan,open,grass,,,-12.5,48.0
2023_15_TB_GB,2023,15,2023-12-17,GB,TB,Matt LaFleur,Todd Bowles,outdoors,grass,42.0,8.0,4.0,41.5
2023_15_WAS_LA,2023,15,2023-12-17,LA,WAS,Sean McVay,Ron Rivera,dome,matrixturf,,,6.5,48.5
2023_16_ARI_CHI,2023,16,2023-12-24,CHI,ARI,Matt Eberflus,Jonathan Gannon,outdoors,grass,52.0,4.0,4.5,42.0
2023_16_BAL_SF,2023,16,2023-12-25,SF,BAL,Kyle Shanahan,John Harbaugh,outdoors,grass,56.0,8.0,6.5,47.5
2023_16_BUF_LAC,2023,16,2023-12-23,LAC,BUF,Giff Smith,Sean McDermott,dome,matrixturf,,,-13.0,44.5
2023_16_CIN_PIT,2023,16,2023-12-23,PIT,CIN,Mike Tomlin,Zac Taylor,outdoors,grass,49.0,5.0,-3.0,39.5
2023_16_CLE_HOU,2023,16,2023-12-24,HOU,CLE,DeMeco Ryans,Kevin Stefanski,closed,astroturf,,,-3.0,40.0
2023_16_DAL_MIA,2023,16,2023-12-24,MIA,DAL,Mike McDaniel,Mike McCarthy,outdoors,grass,75.0,15.0,1.5,48.5
2023_16_DET_MIN,2023,16,2023-12-24,MIN,DET,Kevin O'Connell,Dan Campbell,dome,sportturf,,,-2.5,47.5
2023_16_GB_CAR,2023,16,2023-12-24,CAR,GB,Chris Tabor,Matt LaFleur,outdoors,grass,67.0,1.0,-3.5,39.5
2023_16_IND_ATL,2023,16,2023-12-24,ATL,IND,Arthur Smith,Shane Steichen,closed,fieldturf,,,3.0,44.0
2023_16_JAX_TB,2023,16,2023-12-24,TB,JAX,Todd Bowles,Doug Pederson,outdoors,grass,72.0,11.0,-2.0,43.0
2023_16_LV_KC,2023,16,2023-12-25,KC,LV,Andy Reid,Antonio Pierce,outdoors,grass,38.0,11.0,11.0,40.5
2023_16_NE_DEN,2023,16,2023-12-24,DEN,NE,Sean Payton,Bill Belichick,outdoors,grass,28.0,9.0,7.0,37.5
2023_16_NO_LA,2023,16,2023-12-21,LA,NO,Sean McVay,Dennis Allen,dome,matrixturf,,,4.0,45.5
2023_16_NYG_PHI,2023,16,2023-12-25,PHI,NYG,Nick Sirianni,Brian Daboll,outdoors,grass,51.0,5.0,14.0,41.0
2023_16_SEA_TEN,2023,16,2023-12-24,TEN,SEA,Mike Vrabel,Pete Carroll,outdoors,grass,61.0,4.0,-3.0,42.0
2023_16_WAS_NYJ,2023,16,2023-12-24,NYJ,WAS,Robert Saleh,Ron Rivera,outdoors,fieldturf,45.0,2.0,3.0,36.5
2023_17_ARI_PHI,2023,17,2023-12-31,PHI,ARI,Nick Sirianni,Jonathan Gannon,outdoors,grass,45.0,9.0,12.0,48.0
2023_17_ATL_CHI,2023,17,2023-12-31,CHI,ATL,Matt Eberflus,Arthur Smith,outdoors,grass,32.0,5.0,3.0,39.0
2023_17_CAR_JAX,2023,17,2023-12-31,JAX,CAR,Doug Pederson,Chris Tabor,outdoors,grass,56.0,8.0,3.5,38.0
2023_17_CIN_KC,2023,17,2023-12-31,KC,CIN,Andy Reid,Zac Taylor,outdoors,grass,36.0,12.0,7.5,46.0
2023_17_DET_DAL,2023,17,2023-12-30,DAL,DET,Mike McCarthy,Dan Campbell,closed,matrixturf,,,5.5,53.0
2023_17_GB_MIN,2023,17,2023-12-31,MIN,GB,Kevin O'Connell,Matt LaFleur,dome,sportturf,,,1.0,42.5
2023_17_LAC_DEN,2023,17,2023-12-31,DEN,LAC,Sean Payton,Giff Smith,outdoors,grass,41.0,6.0,3.5,39.5
2023_17_LA_NYG,2023,17,2023-12-31,NYG,LA,Brian Daboll,Sean McVay,outdoors,fieldturf,41.0,10.0,-6.0,43.5
2023_17_LV_IND,2023,17,2023-12-31,IND,LV,Shane Steichen,Antonio Pierce,closed,fieldturf,,,3.5,42.5
2023_17_MIA_BAL,2023,17,2023-12-31,BAL,MIA,John Harbaugh,Mike McDaniel,outdoors,grass,50.0,7.0,3.0,47.0
2023_17_NE_BUF,2023,17,2023-12-31,BUF,NE,Sean McDermott,Bill Belichick,outdoors,a_turf,35.0,4.0,15.0,40.0
2023_17_NO_TB,2023,17,2023-12-31,TB,NO,Todd Bowles,Dennis Allen,outdoors,grass,66.0,5.0,2.5,42.5
2023_17_NYJ_CLE,2023,17,2023-12-28,CLE,NYJ,Kevin Stefanski,Robert Saleh,outdoors,grass,47.0,6.0,6.5,33.5
2023_17_PIT_SEA,2023,17,2023-12-31,SEA,PIT,Pete Carroll,Mike Tomlin,outdoors,fieldturf,47.0,4.0,4.5,40.5
2023_17_SF_WAS,2023,17,2023-12-31,WAS,SF,Ron Rivera,Kyle Shanahan,outdoors,grass,48.0,7.0,-14.0,49.0
2023_17_TEN_HOU,2023,17,2023-12-31,HOU,TEN,DeMeco Ryans,Mike Vrabel,closed,astroturf,,,5.0,44.0
2023_18_ATL_NO,2023,18,2024-01-07,NO,ATL,Dennis Allen,Arthur Smith,dome,sportturf,,,3.5,41.5
2023_18_BUF_MIA,2023,18,2024-01-07,MIA,BUF,Mike McDaniel,Sean McDermott,outdoors,grass,63.0,6.0,-2.5,47.5
2023_18_CHI_GB,2023,18,2024-01-07,GB,CHI,Matt LaFleur,Matt Eberflus,outdoors,grass,34.0,7.0,2.5,45.5
2023_18_CLE_CIN,2023,18,2024-01-07,CIN,CLE,Zac Taylor,Kevin Stefanski,outdoors,fieldturf,38.0,12.0,7.5,37.0
2023_18_DAL_WAS,2023,18,2024-01-07,WAS,DAL,Ron Rivera,Mike McCarthy,outdoors,grass,48.0,13.0,-13.0,47.5
2023_18_DEN_LV,2023,18,2024-01-07,LV,DEN,Antonio Pierce,Sean Payton,dome,grass,,,3.5,37.5
2023_18_HOU_IND,2023,18,2024-01-06,IND,HOU,Shane Steichen,DeMeco Ryans,closed,fieldturf,,,-1.5,47.5
2023_18_JAX_TEN,2023,18,2024-01-07,TEN,JAX,Mike Vrabel,Doug Pederson,outdoors,grass,41.0,11.0,-3.5,41.5
2023_18_KC_LAC,2023,18,2024-01-07,LAC,KC,Giff Smith,Andy Reid,dome,matrixturf,,,3.5,35.0
2023_18_LA_SF,2023,18,2024-01-07,SF,LA,Kyle Shanahan,Sean McVay,outdoors,grass,52.0,11.0,5.5,40.0
2023_18_MIN_DET,2023,18,2024-01-07,DET,MIN,Dan Campbell,Kevin O'Connell,dome,fieldturf,,,3.5,47.5
2023_18_NYJ_NE,2023,18,2024-01-07,NE,NYJ,Bill Belichick,Robert Saleh,outdoors,fieldturf,33.0,14.0,2.5,28.5
2023_18_PHI_NYG,2023,18,2024-01-07,NYG,PHI,Brian Daboll,Nick Sirianni,outdoors,fieldturf,36.0,12.0,-4.5,43.0
2023_18_PIT_BAL,2023,18,2024-01-06,BAL,PIT,John Harbaugh,Mike Tomlin,outdoors,grass,38.0,15.0,-3.0,34.0
2023_18_SEA_ARI,2023,18,2024-01-07,ARI,SEA,Jonathan Gannon,Pete Carroll,closed,grass,,,-2.5,48.0
2023_18_TB_CAR,2023,18,2024-01-07,CAR,TB,Chris Tabor,Todd Bowles,outdoors,grass,54.0,19.0,-5.0,36.5
2024_01_ARI_BUF,2024,1,2024-09-08,BUF,ARI,Sean McDermott,Jonathan Gannon,outdoors,a_turf,61.0,20.0,6.5,46.0
2024_01_BAL_KC,2024,1,2024-09-05,KC,BAL,Andy Reid,John Harbaugh,outdoors,grass,67.0,8.0,3.0,46.0
2024_01_CAR_NO,2024,1,2024-09-08,NO,CAR,Dennis Allen,Dave Canales,dome,sportturf,,,3.5,41.5
2024_01_DAL_CLE,2024,1,2024-09-08,CLE,DAL,Kevin Stefanski,Mike McCarthy,outdoors,grass,69.0,17.0,2.5,42.0
2024_01_DEN_SEA,2024,1,2024-09-08,SEA,DEN,Mike Macdonald,Sean Payton,outdoors,fieldturf,65.0,7.0,6.5,42.0
2024_01_GB_PHI,2024,1,2024-09-06,PHI,GB,Nick Sirianni,Matt LaFleur,outdoors,,,,2.0,49.5
2024_01_HOU_IND,2024,1,2024-09-08,IND,HOU,Shane Steichen,DeMeco Ryans,closed,fieldturf,,,-3.0,49.0
2024_01_JAX_MIA,2024,1,2024-09-08,MIA,JAX,Mike McDaniel,Doug Pederson,outdoors,grass,91.0,10.0,3.5,49.5
2024_01_LA_DET,2024,1,2024-09-08,DET,LA,Dan Campbell,Sean McVay,dome,fieldturf,,,5.0,54.0
2024_01_LV_LAC,2024,1,2024-09-08,LAC,LV,Jim Harbaugh,Antonio Pierce,dome,matrixturf,,,3.0,41.0
2024_01_MIN_NYG,2024,1,2024-09-08,NYG,MIN,Brian Daboll,Kevin O'Connell,outdoors,fieldturf,64.0,10.0,-1.0,42.5
2024_01_NE_CIN,2024,1,2024-09-08,CIN,NE,Zac Taylor,Jerod Mayo,outdoors,fieldturf,66.0,5.0,8.0,40.5
2024_01_NYJ_SF,2024,1,2024-09-09,SF,NYJ,Kyle Shanahan,Robert Saleh,outdoors,grass,76.0,10.0,3.5,43.0
2024_01_PIT_ATL,2024,1,2024-09-08,ATL,PIT,Raheem Morris,Mike Tomlin,closed,fieldturf,,,4.0,43.0
2024_01_TEN_CHI,2024,1,2024-09-08,CHI,TEN,Matt Eberflus,Brian Callahan,outdoors,grass,67.0,8.0,4.0,43.0
2024_01_WAS_TB,2024,1,2024-09-08,TB,WAS,Todd Bowles,Dan Quinn,outdoors,grass,93.0,6.0,4.0,42.0
2024_02_ATL_PHI,2024,2,2024-09-16,PHI,ATL,Nick Sirianni,Raheem Morris,outdoors,grass,71.0,9.0,5.5,46.5
2024_02_BUF_MIA,2024,2,2024-09-12,MIA,BUF,Mike McDaniel,Sean McDermott,outdoors,grass,86.0,3.0,2.5,48.5
2024_02_CHI_HOU,2024,2,2024-09-15,HOU,CHI,DeMeco Ryans,Matt Eberflus,closed,astroturf,,,6.0,45.5
2024_02_CIN_KC,2024,2,2024-09-15,KC,CIN,Andy Reid,Zac Taylor,outdoors,grass,89.0,8.0,6.5,47.5
2024_02_CLE_JAX,2024,2,2024-09-15,JAX,CLE,Doug Pederson,Kevin Stefanski,outdoors,grass,80.0,12.0,3.0,41.5
2024_02_IND_GB,2024,2,2024-09-15,GB,IND,Matt LaFleur,Shane Steichen,outdoors,grass,85.0,7.0,-3.0,41.5
2024_02_LAC_CAR,2024,2,2024-09-15,CAR,LAC,Dave Canales,Jim Harbaugh,outdoors,grass,78.0,13.0,-5.0,39.0
2024_02_LA_ARI,2024,2,2024-09-15,ARI,LA,Jonathan Gannon,Sean McVay,closed,grass,,,-1.0,47.5
2024_02_LV_BAL,2024,2,2024-09-15,BAL,LV,John Harbaugh,Antonio Pierce,outdoors,grass,76.0,10.0,9.0,41.0
2024_02_NO_DAL,2024,2,2024-09-15,DAL,NO,Mike McCarthy,Dennis Allen,closed,matrixturf,,,6.5,47.0
2024_02_NYG_WAS,2024,2,2024-09-15,WAS,NYG,Dan Quinn,Brian Daboll,outdoors,grass,82.0,11.0,1.5,42.5
2024_02_NYJ_TEN,2024,2,2024-09-15,TEN,NYJ,Brian Callahan,Robert Saleh,outdoors,grass,80.0,13.0,-3.5,41.5
2024_02_PIT_DEN,2024,2,2024-09-15,DEN,PIT,Sean Payton,Mike Tomlin,outdoors,grass,83.0,4.0,-3.0,36.5
2024_02_SEA_NE,2024,2,2024-09-15,NE,SEA,Jerod Mayo,Mike Macdonald,outdoors,fieldturf,77.0,5.0,-3.5,39.0
2024_02_SF_MIN,2024,2,2024-09-15,MIN,SF,Kevin O'Connell,Kyle Shanahan,dome,sportturf,,,-4.5,46.5
2024_02_TB_DET,2024,2,2024-09-15,DET,TB,Dan Campbell,Todd Bowles,dome,fieldturf,,,7.5,51.5
2024_03_BAL_DAL,2024,3,2024-09-22,DAL,BAL,Mike McCarthy,John Harbaugh,closed,matrixturf,,,-1.5,47.5
2024_03_CAR_LV,2024,3,2024-09-22,LV,CAR,Antonio Pierce,Dave Canales,dome,grass,,,5.5,40.0
2024_03_CHI_IND,2024,3,2024-09-22,IND,CHI,Shane Steichen,Matt Eberflus,closed,fieldturf,,,1.5,43.0
2024_03_DEN_TB,2024,3,2024-09-22,TB,DEN,Todd Bowles,Sean Payton,outdoors,grass,85.0,6.0,6.0,40.5
2024_03_DET_ARI,2024,3,2024-09-22,ARI,DET,Jonathan Gannon,Dan Campbell,closed,grass,,,-3.0,51.5
2024_03_GB_TEN,2024,3,2024-09-22,TEN,GB,Brian Callahan,Matt LaFleur,outdoors,grass,87.0,7.0,3.0,37.0
2024_03_HOU_MIN,2024,3,2024-09-22,MIN,HOU,Kevin O'Connell,DeMeco Ryans,dome,sportturf,,,-2.0,46.0
2024_03_JAX_BUF,2024,3,2024-09-23,BUF,JAX,Sean McDermott,Doug Pederson,outdoors,a_turf,68.0,5.0,4.0,46.5
2024_03_KC_ATL,2024,3,2024-09-22,ATL,KC,Raheem Morris,Andy Reid,closed,fieldturf,,,-3.0,46.0
2024_03_LAC_PIT,2024,3,2024-09-22,PIT,LAC,Mike Tomlin,Jim Harbaugh,outdoors,grass,72.0,2.0,3.0,36.0
2024_03_MIA_SEA,2024,3,2024-09-22,SEA,MIA,Mike Macdonald,Mike McDaniel,outdoors,fieldturf,64.0,2.0,4.0,41.5
2024_03_NE_NYJ,2024,3,2024-09-19,NYJ,NE,Robert Saleh,Jerod Mayo,outdoors,fieldturf,75.0,5.0,6.5,39.0
2024_03_NYG_CLE,2024,3,2024-09-22,CLE,NYG,Kevin Stefanski,Brian Daboll,outdoors,grass,76.0,4.0,6.5,38.0
2024_03_PHI_NO,2024,3,2024-09-22,NO,PHI,Dennis Allen,Nick Sirianni,dome,sportturf,,,2.5,49.0
2024_03_SF_LA,2024,3,2024-09-22,LA,SF,Sean McVay,Kyle Shanahan,dome,matrixturf,,,-6.0,44.5
2024_03_WAS_CIN,2024,3,2024-09-23,CIN,WAS,Zac Taylor,Dan Quinn,outdoors,fieldturf,69.0,5.0,7.5,46.0
2024_04_BUF_BAL,2024,4,2024-09-29,BAL,BUF,John Harbaugh,Sean McDermott,outdoors,grass,68.0,8.0,2.5,46.5
2024_04_CIN_CAR,2024,4,2024-09-29,CAR,CIN,Dave Canales,Zac Taylor,outdoors,grass,78.0,6.0,-4.5,47.0
2024_04_CLE_LV,2024,4,2024-09-29,LV,CLE,Antonio Pierce,Kevin Stefanski,dome,grass,,,-2.5,36.5
2024_04_DAL_NYG,2024,4,2024-09-26,NYG,DAL,Brian Daboll,Mike McCarthy,outdoors,fieldturf,74.0,3.0,-5.5,45.0
2024_04_DEN_NYJ,2024,4,2024-09-29,NYJ,DEN,Robert Saleh,Sean Payton,outdoors,fieldturf,67.0,8.0,7.5,39.5
2024_04_JAX_HOU,2024,4,2024-09-29,HOU,JAX,DeMeco Ryans,Doug Pederson,closed,astroturf,,,5.5,44.5
2024_04_KC_LAC,2024,4,2024-09-29,LAC,KC,Jim Harbaugh,Andy Reid,dome,matrixturf,,,-7.5,41.5
2024_04_LA_CHI,2024,4,2024-09-29,CHI,LA,Matt Eberflus,Sean McVay,outdoors,grass,70.0,16.0,3.0,40.0
2024_04_MIN_GB,2024,4,2024-09-29,GB,MIN,Matt LaFleur,Kevin O'Connell,outdoors,grass,71.0,15.0,2.5,44.0
2024_04_NE_SF,2024,4,2024-09-29,SF,NE,Kyle Shanahan,Jerod Mayo,outdoors,grass,71.0,5.0,10.5,41.5
2024_04_NO_ATL,2024,4,2024-09-29,ATL,NO,Raheem Morris,Dennis Allen,closed,fieldturf,,,2.5,41.5
2024_04_PHI_TB,2024,4,2024-09-29,TB,PHI,Todd Bowles,Nick Sirianni,outdoors,grass,88.0,9.0,-1.0,42.0
2024_04_PIT_IND,2024,4,2024-09-29,IND,PIT,Shane Steichen,Mike Tomlin,closed,fieldturf,,,-2.5,40.0
2024_04_SEA_DET,2024,4,2024-09-30,DET,SEA,Dan Campbell,Mike Macdonald,dome,fieldturf,,,3.5,46.5
2024_04_TEN_MIA,2024,4,2024-09-30,MIA,TEN,Mike McDaniel,Brian Callahan,outdoors,grass,86.0,9.0,2.5,37.0
2024_04_WAS_ARI,2024,4,2024-09-29,ARI,WAS,Jonathan Gannon,Dan Quinn,closed,grass,,,3.5,49.0
2024_05_ARI_SF,2024,5,2024-10-06,SF,ARI,Kyle Shanahan,Jonathan Gannon,outdoors,grass,89.0,3.0,7.0,48.5
2024_05_BAL_CIN,2024,5,2024-10-06,CIN,BAL,Zac Taylor,John Harbaugh,outdoors,fieldturf,81.0,10.0,-2.5,48.5
2024_05_BUF_HOU,2024,5,2024-10-06,HOU,BUF,DeMeco Ryans,Sean McDermott,closed,astroturf,,,1.0,48.0
2024_05_CAR_CHI,2024,5,2024-10-06,CHI,CAR,Matt Eberflus,Dave Canales,outdoors,grass,74.0,7.0,4.0,40.0
2024_05_CLE_WAS,2024,5,2024-10-06,WAS,CLE,Dan Quinn,Kevin Stefanski,outdoors,grass,73.0,5.0,3.0,44.0
2024_05_DAL_PIT,2024,5,2024-10-06,PIT,DAL,Mike Tomlin,Mike McCarthy,outdoors,grass,67.0,6.0,2.5,43.5
2024_05_GB_LA,2024,5,2024-10-06,LA,GB,Sean McVay,Matt LaFleur,dome,matrixturf,,,-3.0,49.5
2024_05_IND_JAX,2024,5,2024-10-06,JAX,IND,Doug Pederson,Shane Steichen,outdoors,grass,74.0,4.0,3.5,45.0
2024_05_LV_DEN,2024,5,2024-10-06,DEN,LV,Sean Payton,Antonio Pierce,outdoors,grass,73.0,7.0,3.0,36.0
2024_05_MIA_NE,2024,5,2024-10-06,NE,MIA,Jerod Mayo,Mike McDaniel,outdoors,fieldturf,65.0,2.0,-2.0,37.0
2024_05_NO_KC,2024,5,2024-10-07,KC,NO,Andy Reid,Dennis Allen,outdoors,grass,70.0,1.0,5.5,43.0
2024_05_NYG_SEA,2024,5,2024-10-06,SEA,NYG,Mike Macdonald,Brian Daboll,outdoors,fieldturf,61.0,3.0,7.0,42.5
2024_05_NYJ_MIN,2024,5,2024-10-06,MIN,NYJ,Kevin O'Connell,Robert Saleh,outdoors,grass,59.0,8.0,2.5,42.0
2024_05_TB_ATL,2024,5,2024-10-03,ATL,TB,Raheem Morris,Todd Bowles,closed,fieldturf,,,2.5,44.0
2024_06_ARI_GB,2024,6,2024-10-13,GB,ARI,Matt LaFleur,Jonathan Gannon,outdoors,grass,50.0,4.0,5.5,47.0
2024_06_ATL_CAR,2024,6,2024-10-13,CAR,ATL,Dave Canales,Raheem Morris,outdoors,grass,79.0,9.0,-6.0,45.5
2024_06_BUF_NYJ,2024,6,2024-10-14,NYJ,BUF,Robert Saleh,Sean McDermott,outdoors,fieldturf,49.0,14.0,-1.0,42.0
2024_06_CIN_NYG,2024,6,2024-10-13,NYG,CIN,Brian Daboll,Zac Taylor,outdoors,fieldturf,63.0,2.0,-4.5,46.0
2024_06_CLE_PHI,2024,6,2024-10-13,PHI,CLE,Nick Sirianni,Kevin Stefanski,outdoors,grass,82.0,10.0,8.0,42.0
2024_06_DET_DAL,2024,6,2024-10-13,DAL,DET,Mike McCarthy,Dan Campbell,closed,matrixturf,,,-3.5,52.5
2024_06_HOU_NE,2024,6,2024-10-13,NE,HOU,Jerod Mayo,DeMeco Ryans,outdoors,fieldturf,53.0,5.0,-6.5,38.5
2024_06_IND_TEN,2024,6,2024-10-13,TEN,IND,Brian Callahan,Shane Steichen,outdoors,grass,80.0,12.0,2.5,42.0
2024_06_JAX_CHI,2024,6,2024-10-13,CHI,JAX,Matt Eberflus,Doug Pederson,outdoors,grass,54.0,3.0,-1.5,44.5
2024_06_LAC_DEN,2024,6,2024-10-13,DEN,LAC,Sean Payton,Jim Harbaugh,outdoors,grass,65.0,7.0,-3.0,37.0
2024_06_PIT_LV,2024,6,2024-10-13,LV,PIT,Antonio Pierce,Mike Tomlin,dome,grass,,,-3.5,36.5
2024_06_SF_SEA,2024,6,2024-10-10,SEA,SF,Mike Macdonald,Kyle Shanahan,outdoors,fieldturf,59.0,10.0,-3.5,49.0
2024_06_TB_NO,2024,6,2024-10-13,NO,TB,Dennis Allen,Todd Bowles,dome,sportturf,,,-3.5,42.5
2024_06_WAS_BAL,2024,6,2024-10-13,BAL,WAS,John Harbaugh,Dan Quinn,outdoors,grass,75.0,8.0,6.5,51.5
2024_07_BAL_TB,2024,7,2024-10-21,TB,BAL,Todd Bowles,John Harbaugh,outdoors,grass,80.0,8.0,-4.5,51.0
2024_07_CAR_WAS,2024,7,2024-10-20,WAS,CAR,Dan Quinn,Dave Canales,outdoors,grass,76.0,2.0,10.0,51.0
2024_07_CIN_CLE,2024,7,2024-10-20,CLE,CIN,Kevin Stefanski,Zac Taylor,outdoors,grass,62.0,8.0,-5.5,42.0
2024_07_DEN_NO,2024,7,2024-10-17,NO,DEN,Dennis Allen,Sean Payton,dome,sportturf,,,-2.5,37.0
2024_07_DET_MIN,2024,7,2024-10-20,MIN,DET,Kevin O'Connell,Dan Campbell,dome,sportturf,,,1.0,50.5
2024_07_HOU_GB,2024,7,2024-10-20,GB,HOU,Matt LaFleur,DeMeco Ryans,outdoors,grass,72.0,3.0,3.0,48.0
2024_07_KC_SF,2024,7,2024-10-20,SF,KC,Kyle Shanahan,Andy Reid,outdoors,grass,78.0,3.0,2.5,47.5
2024_07_LAC_ARI,2024,7,2024-10-21,ARI,LAC,Jonathan Gannon,Jim Harbaugh,closed,grass,,,-1.0,44.0
2024_07_LV_LA,2024,7,2024-10-20,LA,LV,Sean McVay,Antonio Pierce,dome,matrixturf,,,7.0,43.0
2024_07_MIA_IND,2024,7,2024-10-20,IND,MIA,Shane Steichen,Mike McDaniel,closed,fieldturf,,,3.0,44.0
2024_07_NE_JAX,2024,7,2024-10-20,JAX,NE,Doug Pederson,Jerod Mayo,outdoors,grass,63.0,12.0,6.5,42.0
2024_07_NYJ_PIT,2024,7,2024-10-20,PIT,NYJ,Mike Tomlin,Robert Saleh,outdoors,grass,60.0,4.0,-3.0,40.0
2024_07_PHI_NYG,2024,7,2024-10-20,NYG,PHI,Brian Daboll,Nick Sirianni,outdoors,fieldturf,71.0,4.0,-3.0,42.0
2024_07_SEA_ATL,2024,7,2024-10-20,ATL,SEA,Raheem Morris,Mike Macdonald,closed,fieldturf,,,3.0,51.5
2024_07_TEN_BUF,2024,7,2024-10-20,BUF,TEN,Sean McDermott,Brian Callahan,outdoors,a_turf,66.0,12.0,9.5,41.0
2024_08_ARI_MIA,2024,8,2024-10-27,MIA,ARI,Mike McDaniel,Jonathan Gannon,outdoors,grass,82.0,14.0,4.0,46.5
2024_08_ATL_TB,2024,8,2024-10-27,TB,ATL,Todd Bowles,Raheem Morris,outdoors,grass,79.0,6.0,-1.5,47.0
2024_08_BAL_CLE,2024,8,2024-10-27,CLE,BAL,Kevin Stefanski,John Harbaugh,outdoors,grass,52.0,4.0,-7.5,44.5
2024_08_BUF_SEA,2024,8,2024-10-27,SEA,BUF,Mike Macdonald,Sean McDermott,outdoors,fieldturf,55.0,14.0,-3.0,45.5
2024_08_CAR_DEN,2024,8,2024-10-27,DEN,CAR,Sean Payton,Dave Canales,outdoors,grass,76.0,4.0,13.0,40.5
2024_08_CHI_WAS,2024,8,2024-10-27,WAS,CHI,Dan Quinn,Matt Eberflus,outdoors,grass,58.0,2.0,1.5,46.5
2024_08_DAL_SF,2024,8,2024-10-27,SF,DAL,Kyle Shanahan,Mike McCarthy,outdoors,grass,69.0,9.0,5.5,48.0
2024_08_GB_JAX,2024,8,2024-10-27,JAX,GB,Doug Pederson,Matt LaFleur,outdoors,grass,84.0,4.0,-3.5,49.0
2024_08_IND_HOU,2024,8,2024-10-27,HOU,IND,DeMeco Ryans,Shane Steichen,closed,astroturf,,,5.0,45.0
2024_08_KC_LV,2024,8,2024-10-27,LV,KC,Antonio Pierce,Andy Reid,dome,grass,,,-9.0,42.0
2024_08_MIN_LA,2024,8,2024-10-24,LA,MIN,Sean McVay,Kevin O'Connell,dome,matrixturf,,,-3.0,47.5
2024_08_NO_LAC,2024,8,2024-10-27,LAC,NO,Jim Harbaugh,Dennis Allen,dome,matrixturf,,,7.0,41.5
2024_08_NYG_PIT,2024,8,2024-10-28,PIT,NYG,Mike Tomlin,Brian Daboll,outdoors,grass,54.0,7.0,6.0,37.5
2024_08_NYJ_NE,2024,8,2024-10-27,NE,NYJ,Jerod Mayo,Robert Saleh,outdoors,fieldturf,53.0,8.0,-7.0,41.0
2024_08_PHI_CIN,2024,8,2024-10-27,CIN,PHI,Zac Taylor,Nick Sirianni,outdoors,fieldturf,59.0,6.0,2.5,47.5
2024_08_TEN_DET,2024,8,2024-10-27,DET,TEN,Dan Campbell,Brian Callahan,dome,fieldturf,,,12.5,45.0
2024_09_CHI_ARI,2024,9,2024-11-03,ARI,CHI,Jonathan Gannon,Matt Eberflus,closed,grass,,,1.5,44.5
2024_09_DAL_ATL,2024,9,2024-11-03,ATL,DAL,Raheem Morris,Mike McCarthy,closed,fieldturf,,,3.0,52.0
2024_09_DEN_BAL,2024,9,2024-11-03,BAL,DEN,John Harbaugh,Sean Payton,outdoors,grass,57.0,3.0,9.0,46.5
2024_09_DET_GB,2024,9,2024-11-03,GB,DET,Matt LaFleur,Dan Campbell,outdoors,grass,50.0,15.0,-2.5,47.5
2024_09_HOU_NYJ,2024,9,2024-10-31,NYJ,HOU,Robert Saleh,DeMeco Ryans,outdoors,fieldturf,71.0,8.0,2.5,43.5
2024_09_IND_MIN,2024,9,2024-11-03,MIN,IND,Kevin O'Connell,Shane Steichen,dome,sportturf,,,6.5,47.0
2024_09_JAX_PHI,2024,9,2024-11-03,PHI,JAX,Nick Sirianni,Doug Pederson,outdoors,grass,57.0,6.0,7.5,46.0
2024_09_LAC_CLE,2024,9,2024-11-03,CLE,LAC,Kevin Stefanski,Jim Harbaugh,outdoors,grass,57.0,10.0,-2.0,42.5
2024_09_LA_SEA,2024,9,2024-11-03,SEA,LA,Mike Macdonald,Sean McVay,outdoors,fieldturf,52.0,4.0,-1.5,48.5
2024_09_LV_CIN,2024,9,2024-11-03,CIN,LV,Zac Taylor,Antonio Pierce,outdoors,fieldturf,67.0,7.0,8.0,45.0
2024_09_MIA_BUF,2024,9,2024-11-03,BUF,MIA,Sean McDermott,Mike McDaniel,outdoors,a_turf,54.0,9.0,6.5,49.0
2024_09_NE_TEN,2024,9,2024-11-03,TEN,NE,Brian Callahan,Jerod Mayo,outdoors,grass,75.0,10.0,3.0,38.5
2024_09_NO_CAR,2024,9,2024-11-03,CAR,NO,Dave Canales,Dennis Allen,outdoors,grass,66.0,7.0,-7.0,43.5
2024_09_TB_KC,2024,9,2024-11-04,KC,TB,Andy Reid,Todd Bowles,outdoors,grass,63.0,6.0,9.0,45.5
2024_09_WAS_NYG,2024,9,2024-11-03,NYG,WAS,Brian Daboll,Dan Quinn,outdoors,fieldturf,52.0,6.0,-4.5,44.5
2024_10_ATL_NO,2024,10,2024-11-10,NO,ATL,Dennis Allen,Raheem Morris,dome,sportturf,,,-3.5,46.5
2024_10_BUF_IND,2024,10,2024-11-10,IND,BUF,Shane Steichen,Sean McDermott,closed,fieldturf,,,-4.5,46.5
2024_10_CIN_BAL,2024,10,2024-11-07,BAL,CIN,John Harbaugh,Zac Taylor,outdoors,grass,69.0,6.0,6.0,53.0
2024_10_DEN_KC,2024,10,2024-11-10,KC,DEN,Andy Reid,Sean Payton,outdoors,grass,57.0,12.0,7.5,42.5
2024_10_DET_HOU,2024,10,2024-11-10,HOU,DET,DeMeco Ryans,Dan Campbell,closed,astroturf,,,-4.5,49.0
2024_10_MIA_LA,2024,10,2024-11-11,LA,MIA,Sean McVay,Mike McDaniel,dome,matrixturf,,,2.5,49.5
2024_10_MIN_JAX,2024,10,2024-11-10,JAX,MIN,Doug Pederson,Kevin O'Connell,outdoors,grass,79.0,7.0,-7.0,42.5
2024_10_NE_CHI,2024,10,2024-11-10,CHI,NE,Matt Eberflus,Jerod Mayo,outdoors,grass,60.0,6.0,6.5,37.5
2024_10_NYG_CAR,2024,10,2024-11-10,CAR,NYG,Dave Canales,Brian Daboll,outdoors,,,,-6.5,40.5
2024_10_NYJ_ARI,2024,10,2024-11-10,ARI,NYJ,Jonathan Gannon,Robert Saleh,closed,grass,,,-2.0,45.5
2024_10_PHI_DAL,2024,10,2024-11-10,DAL,PHI,Mike McCarthy,Nick Sirianni,closed,matrixturf,,,-7.5,44.5
2024_10_PIT_WAS,2024,10,2024-11-10,WAS,PIT,Dan Quinn,Mike Tomlin,outdoors,grass,57.0,9.0,1.5,45.0
2024_10_SF_TB,2024,10,2024-11-10,TB,SF,Todd Bowles,Kyle Shanahan,outdoors,grass,85.0,9.0,-6.5,50.5
2024_10_TEN_LAC,2024,10,2024-11-10,LAC,TEN,Jim Harbaugh,Brian Callahan,dome,matrixturf,,,8.0,40.0
2024_11_ATL_DEN,2024,11,2024-11-17,DEN,ATL,Sean Payton,Raheem Morris,outdoors,grass,55.0,9.0,2.0,44.5
2024_11_BAL_PIT,2024,11,2024-11-17,PIT,BAL,Mike Tomlin,John Harbaugh,outdoors,grass,52.0,5.0,-3.0,48.0
2024_11_CIN_LAC,2024,11,2024-11-17,LAC,CIN,Jim Harbaugh,Zac Taylor,dome,matrixturf,,,1.0,48.0
2024_11_CLE_NO,2024,11,2024-11-17,NO,CLE,Dennis Allen,Kevin Stefanski,dome,sportturf,,,-1.0,44.0
2024_11_GB_CHI,2024,11,2024-11-17,CHI,GB,Matt Eberflus,Matt LaFleur,outdoors,grass,54.0,5.0,-6.0,41.0
2024_11_HOU_DAL,2024,11,2024-11-18,DAL,HOU,Mike McCarthy,DeMeco Ryans,closed,matrixturf,,,-7.5,41.5
2024_11_IND_NYJ,2024,11,2024-11-17,NYJ,IND,Robert Saleh,Shane Steichen,outdoors,fieldturf,62.0,4.0,4.0,43.0
2024_11_JAX_DET,2024,11,2024-11-17,DET,JAX,Dan Campbell,Doug Pederson,dome,fieldturf,,,14.0,47.5
2024_11_KC_BUF,2024,11,2024-11-17,BUF,KC,Sean McDermott,Andy Reid,outdoors,a_turf,50.0,3.0,2.5,46.5
2024_11_LA_NE,2024,11,2024-11-17,NE,LA,Jerod Mayo,Sean McVay,outdoors,fieldturf,59.0,9.0,-4.0,42.5
2024_11_LV_MIA,2024,11,2024-11-17,MIA,LV,Mike McDaniel,Antonio Pierce,outdoors,grass,80.0,16.0,8.0,43.5
2024_11_MIN_TEN,2024,11,2024-11-17,TEN,MIN,Brian Callahan,Kevin O'Connell,outdoors,grass,66.0,7.0,-6.0,40.0
2024_11_SEA_SF,2024,11,2024-11-17,SF,SEA,Kyle Shanahan,Mike Macdonald,outdoors,grass,59.0,4.0,6.0,49.0
2024_11_WAS_PHI,2024,11,2024-11-14,PHI,WAS,Nick Sirianni,Dan Quinn,outdoors,grass,46.0,9.0,4.5,49.5
2024_12_ARI_SEA,2024,12,2024-11-24,SEA,ARI,Mike Macdonald,Jonathan Gannon,outdoors,fieldturf,45.0,5.0,-1.0,46.5
2024_12_BAL_LAC,2024,12,2024-11-25,LAC,BAL,Jim Harbaugh,John Harbaugh,dome,matrixturf,,,-3.0,51.0
2024_12_DAL_WAS,2024,12,2024-11-24,WAS,DAL,Dan Quinn,Mike McCarthy,outdoors,grass,55.0,5.0,10.5,45.0
2024_12_DEN_LV,2024,12,2024-11-24,LV,DEN,Antonio Pierce,Sean Payton,dome,grass,,,-6.5,41.5
2024_12_DET_IND,2024,12,2024-11-24,IND,DET,Shane Steichen,Dan Campbell,closed,fieldturf,,,-7.0,50.5
2024_12_KC_CAR,2024,12,2024-11-24,CAR,KC,Dave Canales,Andy Reid,outdoors,grass,61.0,5.0,-11.0,43.0
2024_12_MIN_CHI,2024,12,2024-11-24,CHI,MIN,Matt Eberflus,Kevin O'Connell,outdoors,grass,47.0,5.0,-3.0,39.5
2024_12_NE_MIA,2024,12,2024-11-24,MIA,NE,Mike McDaniel,Jerod Mayo,outdoors,grass,77.0,6.0,7.5,46.0
2024_12_PHI_LA,2024,12,2024-11-24,LA,PHI,Sean McVay,Nick Sirianni,dome,matrixturf,,,-3.0,49.0
2024_12_PIT_CLE,2024,12,2024-11-21,CLE,PIT,Kevin Stefanski,Mike Tomlin,outdoors,grass,36.0,13.0,-3.5,36.5
2024_12_SF_GB,2024,12,2024-11-24,GB,SF,Matt LaFleur,Kyle Shanahan,outdoors,grass,43.0,11.0,6.5,44.5
2024_12_TB_NYG,2024,12,2024-11-24,NYG,TB,Brian Daboll,Todd Bowles,outdoors,fieldturf,50.0,13.0,-6.5,40.5
2024_12_TEN_HOU,2024,12,2024-11-24,HOU,TEN,DeMeco Ryans,Brian Callahan,closed,astroturf,,,8.0,40.5
2024_13_ARI_MIN,2024,13,2024-12-01,MIN,ARI,Kevin O'Connell,Jonathan Gannon,dome,sportturf,,,3.5,45.5
2024_13_CHI_DET,2024,13,2024-11-28,DET,CHI,Dan Campbell,Matt Eberflus,dome,fieldturf,,,9.5,47.5
2024_13_CLE_DEN,2024,13,2024-12-02,DEN,CLE,Sean Payton,Kevin Stefanski,outdoors,grass,48.0,4.0,6.5,41.5
2024_13_HOU_JAX,2024,13,2024-12-01,JAX,HOU,Doug Pederson,DeMeco Ryans,outdoors,grass,,,-3.5,44.5
2024_13_IND_NE,2024,13,2024-12-01,NE,IND,Jerod Mayo,Shane Steichen,outdoors,fieldturf,36.0,9.0,-2.5,41.5
2024_13_LAC_ATL,2024,13,2024-12-01,ATL,LAC,Raheem Morris,Jim Harbaugh,closed,fieldturf,,,-1.0,47.0
2024_13_LA_NO,2024,13,2024-12-01,NO,LA,Dennis Allen,Sean McVay,dome,sportturf,,,-2.5,48.5
2024_13_LV_KC,2024,13,2024-11-29,KC,LV,Andy Reid,Antonio Pierce,outdoors,grass,37.0,5.0,13.5,42.0
2024_13_MIA_GB,2024,13,2024-11-28,GB,MIA,Matt LaFleur,Mike McDaniel,outdoors,grass,27.0,10.0,3.5,47.5
2024_13_NYG_DAL,2024,13,2024-11-28,DAL,NYG,Mike McCarthy,Brian Daboll,closed,matrixturf,,,4.5,39.0
2024_13_PHI_BAL,2024,13,2024-12-01,BAL,PHI,John Harbaugh,Nick Sirianni,outdoors,grass,41.0,7.0,3.0,50.0
2024_13_PIT_CIN,2024,13,2024-12-01,CIN,PIT,Zac Taylor,Mike Tomlin,outdoors,fieldturf,32.0,9.0,3.0,46.0
2024_13_SEA_NYJ,2024,13,2024-12-01,NYJ,SEA,Robert Saleh,Mike Macdonald,outdoors,fieldturf,37.0,12.0,1.0,41.5
2024_13_SF_BUF,2024,13,2024-12-01,BUF,SF,Sean McDermott,Kyle Shanahan,outdoors,a_turf,28.0,11.0,6.5,45.0
2024_13_TB_CAR,2024,13,2024-12-01,CAR,TB,Dave Canales,Todd Bowles,outdoors,grass,51.0,7.0,-6.5,46.0
2024_13_TEN_WAS,2024,13,2024-12-01,WAS,TEN,Dan Quinn,Brian Callahan,outdoors,grass,42.0,6.0,6.0,45.0
2024_14_ATL_MIN,2024,14,2024-12-08,MIN,ATL,Kevin O'Connell,Raheem Morris,dome,sportturf,,,6.0,46.5
2024_14_BUF_LA,2024,14,2024-12-08,LA,BUF,Sean McVay,Sean McDermott,dome,matrixturf,,,-3.5,49.5
2024_14_CAR_PHI,2024,14,2024-12-08,PHI,CAR,Nick Sirianni,Dave Canales,outdoors,grass,55.0,16.0,14.0,44.5
2024_14_CHI_SF,2024,14,2024-12-08,SF,CHI,Kyle Shanahan,Matt Eberflus,outdoors,grass,65.0,4.0,3.0,43.5
2024_14_CIN_DAL,2024,14,2024-12-09,DAL,CIN,Mike McCarthy,Zac Taylor,closed,matrixturf,,,-5.0,51.0
2024_14_CLE_PIT,2024,14,2024-12-08,PIT,CLE,Mike Tomlin,Kevin Stefanski,outdoors,grass,49.0,12.0,6.0,43.0
2024_14_GB_DET,2024,14,2024-12-05,DET,GB,Dan Campbell,Matt LaFleur,dome,fieldturf,,,3.0,53.0
2024_14_JAX_TEN,2024,14,2024-12-08,TEN,JAX,Brian Callahan,Doug Pederson,outdoors,grass,53.0,9.0,3.0,40.0
2024_14_LAC_KC,2024,14,2024-12-08,KC,LAC,Andy Reid,Jim Harbaugh,outdoors,grass,50.0,10.0,5.0,43.5
2024_14_LV_TB,2024,14,2024-12-08,TB,LV,Todd Bowles,Antonio Pierce,outdoors,grass,71.0,4.0,7.0,47.0
2024_14_NO_NYG,2024,14,2024-12-08,NYG,NO,Brian Daboll,Dennis Allen,outdoors,fieldturf,54.0,13.0,-5.5,41.0
2024_14_NYJ_MIA,2024,14,2024-12-08,MIA,NYJ,Mike McDaniel,Robert Saleh,outdoors,grass,77.0,12.0,6.5,45.0
2024_14_SEA_ARI,2024,14,2024-12-08,ARI,SEA,Jonathan Gannon,Mike Macdonald,closed,grass,,,3.0,45.5
2024_15_ATL_LV,2024,15,2024-12-16,LV,ATL,Antonio Pierce,Raheem Morris,dome,grass,,,-6.5,44.5
2024_15_BAL_NYG,2024,15,2024-12-15,NYG,BAL,Brian Daboll,John Harbaugh,outdoors,fieldturf,36.0,6.0,-16.5,43.5
2024_15_BUF_DET,2024,15,2024-12-15,DET,BUF,Dan Campbell,Sean McDermott,dome,fieldturf,,,2.5,55.5
2024_15_CHI_MIN,2024,15,2024-12-16,MIN,CHI,Kevin O'Connell,Matt Eberflus,dome,sportturf,,,7.0,43.5
2024_15_CIN_TEN,2024,15,2024-12-15,TEN,CIN,Brian Callahan,Zac Taylor,outdoors,grass,52.0,12.0,-6.0,46.5
2024_15_DAL_CAR,2024,15,2024-12-15,CAR,DAL,Dave Canales,Mike McCarthy,outdoors,grass,45.0,7.0,2.5,42.0
2024_15_GB_SEA,2024,15,2024-12-15,SEA,GB,Mike Macdonald,Matt LaFleur,outdoors,fieldturf,43.0,3.0,-3.0,48.0
2024_15_IND_DEN,2024,15,2024-12-15,DEN,IND,Sean Payton,Shane Steichen,outdoors,grass,55.0,15.0,4.5,43.5
2024_15_KC_CLE,2024,15,2024-12-15,CLE,KC,Kevin Stefanski,Andy Reid,outdoors,grass,40.0,18.0,-4.5,41.5
2024_15_LA_SF,2024,15,2024-12-12,SF,LA,Kyle Shanahan,Sean McVay,outdoors,grass,53.0,4.0,3.0,48.5
2024_15_MIA_HOU,2024,15,2024-12-15,HOU,MIA,DeMeco Ryans,Mike McDaniel,closed,astroturf,,,2.5,46.5
2024_15_NE_ARI,2024,15,2024-12-15,ARI,NE,Jonathan Gannon,Jerod Mayo,closed,grass,,,6.0,46.5
2024_15_NYJ_JAX,2024,15,2024-12-15,JAX,NYJ,Doug Pederson,Robert Saleh,outdoors,grass,,,-3.5,41.5
2024_15_PIT_PHI,2024,15,2024-12-15,PHI,PIT,Nick Sirianni,Mike Tomlin,outdoors,grass,37.0,5.0,5.5,43.0
2024_15_TB_LAC,2024,15,2024-12-15,LAC,TB,Jim Harbaugh,Todd Bowles,dome,matrixturf,,,3.0,46.0
2024_15_WAS_NO,2024,15,2024-12-15,NO,WAS,Dennis Allen,Dan Quinn,dome,sportturf,,,-7.5,44.5
2024_16_ARI_CAR,2024,16,2024-12-22,CAR,ARI,Dave Canales,Jonathan Gannon,outdoors,grass,37.0,10.0,-5.5,47.0
2024_16_CLE_CIN,2024,16,2024-12-22,CIN,CLE,Zac Taylor,Kevin Stefanski,outdoors,fieldturf,33.0,6.0,10.0,46.5
2024_16_DEN_LAC,2024,16,2024-12-19,LAC,DEN,Jim Harbaugh,Sean Payton,dome,matrixturf,,,3.0,41.5
2024_16_DET_CHI,2024,16,2024-12-22,CHI,DET,Matt Eberflus,Dan Campbell,outdoors,grass,29.0,7.0,-7.0,47.5
2024_16_HOU_KC,2024,16,2024-12-21,KC,HOU,Andy Reid,DeMeco Ryans,outdoors,grass,30.0,5.0,3.5,42.5
2024_16_JAX_LV,2024,16,2024-12-22,LV,JAX,Antonio Pierce,Doug Pederson,dome,grass,,,2.5,41.5
2024_16_LA_NYJ,2024,16,2024-12-22,NYJ,LA,Robert Saleh,Sean McVay,outdoors,fieldturf,23.0,8.0,-3.0,47.0
2024_16_MIN_SEA,2024,16,2024-12-22,SEA,MIN,Mike Macdonald,Kevin O'Connell,outdoors,fieldturf,48.0,5.0,-2.5,43.0
2024_16_NE_BUF,2024,16,2024-12-22,BUF,NE,Sean McDermott,Jerod Mayo,outdoors,a_turf,14.0,2.0,14.0,48.0
2024_16_NO_GB,2024,16,2024-12-23,GB,NO,Matt LaFleur,Dennis Allen,outdoors,grass,34.0,12.0,14.0,44.0
2024_16_NYG_ATL,2024,16,2024-12-22,ATL,NYG,Raheem Morris,Brian Daboll,closed,fieldturf,,,9.5,42.5
2024_16_PHI_WAS,2024,16,2024-12-22,WAS,PHI,Dan Quinn,Nick Sirianni,outdoors,grass,32.0,8.0,-4.0,47.0
2024_16_PIT_BAL,2024,16,2024-12-21,BAL,PIT,John Harbaugh,Mike Tomlin,outdoors,grass,35.0,15.0,7.0,44.5
2024_16_SF_MIA,2024,16,2024-12-22,MIA,SF,Mike McDaniel,Kyle Shanahan,outdoors,grass,73.0,12.0,-2.0,44.0
2024_16_TB_DAL,2024,16,2024-12-22,DAL,TB,Mike McCarthy,Todd Bowles,closed,matrixturf,,,-4.5,47.5
2024_16_TEN_IND,2024,16,2024-12-22,IND,TEN,Shane Steichen,Brian Callahan,closed,fieldturf,,,4.0,42.5
2024_17_ARI_LA,2024,17,2024-12-28,LA,ARI,Sean McVay,Jonathan Gannon,dome,matrixturf,,,6.5,48.0
2024_17_ATL_WAS,2024,17,2024-12-29,WAS,ATL,Dan Quinn,Raheem Morris,outdoors,grass,58.0,10.0,3.5,46.5
2024_17_BAL_HOU,2024,17,2024-12-25,HOU,BAL,DeMeco Ryans,John Harbaugh,closed,astroturf,,,-5.5,46.5
2024_17_CAR_TB,2024,17,2024-12-29,TB,CAR,Todd Bowles,Dave Canales,outdoors,grass,76.0,8.0,9.5,47.5
2024_17_DAL_PHI,2024,17,2024-12-29,PHI,DAL,Nick Sirianni,Mike McCarthy,outdoors,grass,62.0,10.0,7.5,37.5
2024_17_DEN_CIN,2024,17,2024-12-28,CIN,DEN,Zac Taylor,Sean Payton,outdoors,fieldturf,60.0,8.0,3.5,50.5
2024_17_DET_SF,2024,17,2024-12-30,SF,DET,Kyle Shanahan,Dan Campbell,outdoors,grass,,,-4.0,50.5
2024_17_GB_MIN,2024,17,2024-12-29,MIN,GB,Kevin O'Connell,Matt LaFleur,dome,sportturf,,,-1.0,49.0
2024_17_IND_NYG,2024,17,2024-12-29,NYG,IND,Brian Daboll,Shane Steichen,outdoors,fieldturf,54.0,0.0,-7.5,40.5
2024_17_KC_PIT,2024,17,2024-12-25,PIT,KC,Mike Tomlin,Andy Reid,outdoors,grass,39.0,2.0,-3.0,43.5
2024_17_LAC_NE,2024,17,2024-12-28,NE,LAC,Jerod Mayo,Jim Harbaugh,outdoors,fieldturf,40.0,4.0,-6.0,42.0
2024_17_LV_NO,2024,17,2024-12-29,NO,LV,Dennis Allen,Antonio Pierce,dome,sportturf,,,-2.0,37.5
2024_17_MIA_CLE,2024,17,2024-12-29,CLE,MIA,Kevin Stefanski,Mike McDaniel,outdoors,grass,54.0,15.0,-3.0,32.5
2024_17_NYJ_BUF,2024,17,2024-12-29,BUF,NYJ,Sean McDermott,Robert Saleh,outdoors,a_turf,54.0,15.0,10.0,44.5
2024_17_SEA_CHI,2024,17,2024-12-26,CHI,SEA,Matt Eberflus,Mike Macdonald,outdoors,grass,47.0,5.0,-3.5,43.5
2024_17_TEN_JAX,2024,17,2024-12-29,JAX,TEN,Doug Pederson,Brian Callahan,outdoors,grass,72.0,16.0,-1.0,38.0
2024_18_BUF_NE,2024,18,2025-01-05,NE,BUF,Jerod Mayo,Sean McDermott,outdoors,fieldturf,33.0,14.0,-3.0,36.5
2024_18_CAR_ATL,2024,18,2025-01-05,ATL,CAR,Raheem Morris,Dave Canales,closed,fieldturf,,,7.5,48.5
2024_18_CHI_GB,2024,18,2025-01-05,GB,CHI,Matt LaFleur,Matt Eberflus,outdoors,grass,16.0,13.0,10.0,41.5
2024_18_CIN_PIT,2024,18,2025-01-04,PIT,CIN,Mike Tomlin,Zac Taylor,outdoors,grass,19.0,10.0,-2.5,48.5
2024_18_CLE_BAL,2024,18,2025-01-04,BAL,CLE,John Harbaugh,Kevin Stefanski,outdoors,grass,31.0,16.0,19.5,42.5
2024_18_HOU_TEN,2024,18,2025-01-05,TEN,HOU,Brian Callahan,DeMeco Ryans,outdoors,grass,35.0,10.0,2.5,36.5
2024_18_JAX_IND,2024,18,2025-01-05,IND,JAX,Shane Steichen,Doug Pederson,closed,fieldturf,,,3.5,45.5
2024_18_KC_DEN,2024,18,2025-01-05,DEN,KC,Sean Payton,Andy Reid,outdoors,grass,28.0,5.0,10.5,40.5
2024_18_LAC_LV,2024,18,2025-01-05,LV,LAC,Antonio Pierce,Jim Harbaugh,dome,grass,,,-7.0,42.5
2024_18_MIA_NYJ,2024,18,2025-01-05,NYJ,MIA,Robert Saleh,Mike McDaniel,outdoors,fieldturf,34.0,10.0,1.5,39.5
2024_18_MIN_DET,2024,18,2025-01-05,DET,MIN,Dan Campbell,Kevin O'Connell,dome,fieldturf,,,3.0,56.5
2024_18_NO_TB,2024,18,2025-01-05,TB,NO,Todd Bowles,Dennis Allen,outdoors,grass,68.0,6.0,14.5,44.5
2024_18_NYG_PHI,2024,18,2025-01-05,PHI,NYG,Nick Sirianni,Brian Daboll,outdoors,grass,31.0,19.0,3.0,36.5
2024_18_SEA_LA,2024,18,2025-01-05,LA,SEA,Sean McVay,Mike Macdonald,dome,matrixturf,,,-7.5,38.5
2024_18_SF_ARI,2024,18,2025-01-05,ARI,SF,Jonathan Gannon,Kyle Shanahan,closed,grass,,,4.5,42.5
2024_18_WAS_DAL,2024,18,2025-01-05,DAL,WAS,Mike McCarthy,Dan Quinn,closed,matrixturf,,,-7.0,43.5
2025_01_ARI_NO,2025,1,2025-09-07,NO,ARI,Kellen Moore,Jonathan Gannon,dome,sportturf,,,-6.0,44.5
2025_01_BAL_BUF,2025,1,2025-09-07,BUF,BAL,Sean McDermott,John Harbaugh,outdoors,a_turf,58.0,8.0,-1.5,50.5
2025_01_CAR_JAX,2025,1,2025-09-07,JAX,CAR,Liam Coen,Dave Canales,outdoors,grass,85.0,3.0,4.5,45.5
2025_01_CIN_CLE,2025,1,2025-09-07,CLE,CIN,Kevin Stefanski,Zac Taylor,outdoors,grass,63.0,10.0,-5.5,47.5
2025_01_DAL_PHI,2025,1,2025-09-04,PHI,DAL,Nick Sirianni,Brian Schottenheimer,outdoors,grass,75.0,11.0,8.5,47.5
2025_01_DET_GB,2025,1,2025-09-07,GB,DET,Matt LaFleur,Dan Campbell,outdoors,grass,60.0,5.0,1.5,48.5
2025_01_HOU_LA,2025,1,2025-09-07,LA,HOU,Sean McVay,DeMeco Ryans,dome,matrixturf,,,3.5,43.5
2025_01_KC_LAC,2025,1,2025-09-05,LAC,KC,Jim Harbaugh,Andy Reid,dome,,,,-3.0,47.5
2025_01_LV_NE,2025,1,2025-09-07,NE,LV,Mike Vrabel,Pete Carroll,outdoors,fieldturf,62.0,4.0,2.5,44.5
2025_01_MIA_IND,2025,1,2025-09-07,IND,MIA,Shane Steichen,Mike McDaniel,closed,fieldturf,,,1.5,47.5
2025_01_MIN_CHI,2025,1,2025-09-08,CHI,MIN,Ben Johnson,Kevin O'Connell,outdoors,grass,68.0,6.0,-1.5,43.5
2025_01_NYG_WAS,2025,1,2025-09-07,WAS,NYG,Dan Quinn,Brian Daboll,outdoors,grass,68.0,5.0,6.0,45.5
2025_01_PIT_NYJ,2025,1,2025-09-07,NYJ,PIT,Aaron Glenn,Mike Tomlin,outdoors,fieldturf,67.0,3.0,-3.0,37.5
2025_01_SF_SEA,2025,1,2025-09-07,SEA,SF,Mike Macdonald,Kyle Shanahan,outdoors,fieldturf,67.0,6.0,-2.5,43.5
2025_01_TB_ATL,2025,1,2025-09-07,ATL,TB,Raheem Morris,Todd Bowles,closed,fieldturf,,,-1.5,47.5
2025_01_TEN_DEN,2025,1,2025-09-07,DEN,TEN,Sean Payton,Brian Callahan,outdoors,grass,84.0,6.0,8.5,42.5
2025_02_ATL_MIN,2025,2,2025-09-14,MIN,ATL,Kevin O'Connell,Raheem Morris,dome,sportturf,,,3.5,44.5
2025_02_BUF_NYJ,2025,2,2025-09-14,NYJ,BUF,Aaron Glenn,Sean McDermott,outdoors,fieldturf,80.0,3.0,-6.0,47.5
2025_02_CAR_ARI,2025,2,2025-09-14,ARI,CAR,Jonathan Gannon,Dave Canales,closed,grass,,,7.0,45.5
2025_02_CHI_DET,2025,2,2025-09-14,DET,CHI,Dan Campbell,Ben Johnson,dome,fieldturf,,,6.0,46.5
2025_02_CLE_BAL,2025,2,2025-09-14,BAL,CLE,John Harbaugh,Kevin Stefanski,outdoors,grass,82.0,3.0,12.5,46.5
2025_02_DEN_IND,2025,2,2025-09-14,IND,DEN,Shane Steichen,Sean Payton,closed,fieldturf,,,-2.5,43.5
2025_02_JAX_CIN,2025,2,2025-09-14,CIN,JAX,Zac Taylor,Liam Coen,outdoors,fieldturf,85.0,3.0,3.5,49.5
2025_02_LAC_LV,2025,2,2025-09-15,LV,LAC,Pete Carroll,Jim Harbaugh,dome,grass,,,-3.5,46.5
2025_02_LA_TEN,2025,2,2025-09-14,TEN,LA,Brian Callahan,Sean McVay,outdoors,grass,83.0,3.0,-5.5,41.5
2025_02_NE_MIA,2025,2,2025-09-14,MIA,NE,Mike McDaniel,Mike Vrabel,outdoors,grass,89.0,4.0,1.5,43.5
2025_02_NYG_DAL,2025,2,2025-09-14,DAL,NYG,Brian Schottenheimer,Brian Daboll,closed,matrixturf,,,4.5,44.5
2025_02_PHI_KC,2025,2,2025-09-14,KC,PHI,Andy Reid,Nick Sirianni,outdoors,grass,88.0,12.0,-1.5,46.5
2025_02_SEA_PIT,2025,2,2025-09-14,PIT,SEA,Mike Tomlin,Mike Macdonald,outdoors,grass,79.0,5.0,3.5,40.5
2025_02_SF_NO,2025,2,2025-09-14,NO,SF,Kellen Moore,Kyle Shanahan,dome,sportturf,,,-3.0,40.5
2025_02_TB_HOU,2025,2,2025-09-15,HOU,TB,DeMeco Ryans,Todd Bowles,closed,astroturf,,,2.5,42.5
2025_02_WAS_GB,2025,2,2025-09-11,GB,WAS,Matt LaFleur,Dan Quinn,outdoors,grass,65.0,7.0,3.5,48.5
2025_03_ARI_SF,2025,3,2025-09-21,SF,ARI,Kyle Shanahan,Jonathan Gannon,outdoors,grass,72.0,7.0,1.5,44.5
2025_03_ATL_CAR,2025,3,2025-09-21,CAR,ATL,Dave Canales,Raheem Morris,outdoors,grass,83.0,5.0,-5.5,44.5
2025_03_CIN_MIN,2025,3,2025-09-21,MIN,CIN,Kevin O'Connell,Zac Taylor,dome,sportturf,,,3.0,41.5
2025_03_DAL_CHI,2025,3,2025-09-21,CHI,DAL,Ben Johnson,Brian Schottenheimer,outdoors,grass,82.0,4.0,-1.5,49.5
2025_03_DEN_LAC,2025,3,2025-09-21,LAC,DEN,Jim Harbaugh,Sean Payton,dome,matrixturf,,,2.5,45.5
2025_03_DET_BAL,2025,3,2025-09-22,BAL,DET,John Harbaugh,Dan Campbell,outdoors,grass,74.0,7.0,4.5,53.5
2025_03_GB_CLE,2025,3,2025-09-21,CLE,GB,Kevin Stefanski,Matt LaFleur,outdoors,grass,79.0,10.0,-8.5,41.5
2025_03_HOU_JAX,2025,3,2025-09-21,JAX,HOU,Liam Coen,DeMeco Ryans,outdoors,grass,85.0,11.0,1.5,43.5
2025_03_IND_TEN,2025,3,2025-09-21,TEN,IND,Brian Callahan,Shane Steichen,outdoors,grass,84.0,8.0,-6.0,43.5
2025_03_KC_NYG,2025,3,2025-09-21,NYG,KC,Brian Daboll,Andy Reid,outdoors,fieldturf,65.0,5.0,-6.0,44.5
2025_03_LA_PHI,2025,3,2025-09-21,PHI,LA,Nick Sirianni,Sean McVay,outdoors,grass,73.0,9.0,3.5,45.5
2025_03_LV_WAS,2025,3,2025-09-21,WAS,LV,Dan Quinn,Pete Carroll,outdoors,grass,72.0,6.0,2.5,43.5
2025_03_MIA_BUF,2025,3,2025-09-18,BUF,MIA,Sean McDermott,Mike McDaniel,outdoors,a_turf,68.0,7.0,12.5,50.5
2025_03_NO_SEA,2025,3,2025-09-21,SEA,NO,Mike Macdonald,Kellen Moore,outdoors,fieldturf,63.0,3.0,7.5,41.5
2025_03_NYJ_TB,2025,3,2025-09-21,TB,NYJ,Todd Bowles,Aaron Glenn,outdoors,grass,88.0,5.0,6.5,43.5
2025_03_PIT_NE,2025,3,2025-09-21,NE,PIT,Mike Vrabel,Mike Tomlin,outdoors,fieldturf,66.0,5.0,-1.5,44.5
2025_04_BAL_KC,2025,4,2025-09-28,KC,BAL,Andy Reid,John Harbaugh,outdoors,grass,89.0,10.0,-2.5,48.5
2025_04_CAR_NE,2025,4,2025-09-28,NE,CAR,Mike Vrabel,Dave Canales,outdoors,fieldturf,76.0,7.0,5.5,42.5
2025_04_CHI_LV,2025,4,2025-09-28,LV,CHI,Pete Carroll,Ben Johnson,dome,grass,,,1.5,47.5
2025_04_CIN_DEN,2025,4,2025-09-29,DEN,CIN,Sean Payton,Zac Taylor,outdoors,grass,66.0,12.0,7.5,44.5
2025_04_CLE_DET,2025,4,2025-09-28,DET,CLE,Dan Campbell,Kevin Stefanski,dome,fieldturf,,,10.0,44.5
2025_04_GB_DAL,2025,4,2025-09-28,DAL,GB,Brian Schottenheimer,Matt LaFleur,closed,matrixturf,,,-7.0,47.5
2025_04_IND_LA,2025,4,2025-09-28,LA,IND,Sean McVay,Shane Steichen,dome,matrixturf,,,3.5,49.5
2025_04_JAX_SF,2025,4,2025-09-28,SF,JAX,Kyle Shanahan,Liam Coen,outdoors,grass,72.0,7.0,3.5,45.5
2025_04_LAC_NYG,2025,4,2025-09-28,NYG,LAC,Brian Daboll,Jim Harbaugh,outdoors,fieldturf,81.0,4.0,-6.0,43.5
2025_04_MIN_PIT,2025,4,2025-09-28,PIT,MIN,Mike Tomlin,Kevin O'Connell,outdoors,grass,61.0,5.0,-2.5,41.5
2025_04_NO_BUF,2025,4,2025-09-28,BUF,NO,Sean McDermott,Kellen Moore,outdoors,a_turf,73.0,7.0,15.5,48.5
2025_04_NYJ_MIA,2025,4,2025-09-29,MIA,NYJ,Mike McDaniel,Aaron Glenn,outdoors,grass,88.0,17.0,2.5,44.5
2025_04_PHI_TB,2025,4,2025-09-28,TB,PHI,Todd Bowles,Nick Sirianni,outdoors,grass,88.0,6.0,-3.5,44.5
2025_04_SEA_ARI,2025,4,2025-09-25,ARI,SEA,Jonathan Gannon,Mike Macdonald,closed,grass,,,-1.5,43.5
2025_04_TEN_HOU,2025,4,2025-09-28,HOU,TEN,DeMeco Ryans,Brian Callahan,closed,astroturf,,,7.5,39.5
2025_04_WAS_ATL,2025,4,2025-09-28,ATL,WAS,Raheem Morris,Dan Quinn,closed,fieldturf,,,2.5,43.5
2025_05_DAL_NYJ,2025,5,2025-10-05,NYJ,DAL,Aaron Glenn,Brian Schottenheimer,outdoors,fieldturf,82.0,3.0,1.5,48.5
2025_05_DEN_PHI,2025,5,2025-10-05,PHI,DEN,Nick Sirianni,Sean Payton,outdoors,grass,80.0,6.0,3.5,44.5
2025_05_DET_CIN,2025,5,2025-10-05,CIN,DET,Zac Taylor,Dan Campbell,outdoors,fieldturf,84.0,7.0,-10.5,49.5
2025_05_HOU_BAL,2025,5,2025-10-05,BAL,HOU,John Harbaugh,DeMeco Ryans,outdoors,grass,78.0,2.0,-2.5,41.5
2025_05_KC_JAX,2025,5,2025-10-06,JAX,KC,Liam Coen,Andy Reid,outdoors,grass,80.0,12.0,-3.5,45.5
2025_05_LV_IND,2025,5,2025-10-05,IND,LV,Shane Steichen,Pete Carroll,closed,fieldturf,,,7.0,46.5
2025_05_MIA_CAR,2025,5,2025-10-05,CAR,MIA,Dave Canales,Mike McDaniel,outdoors,grass,77.0,8.0,-1.5,44.5
2025_05_MIN_CLE,2025,5,2025-10-05,CLE,MIN,Kevin Stefanski,Kevin O'Connell,outdoors,grass,61.0,14.0,-3.5,35.5
2025_05_NE_BUF,2025,5,2025-10-05,BUF,NE,Sean McDermott,Mike Vrabel,outdoors,a_turf,66.0,3.0,7.5,49.5
2025_05_NYG_NO,2025,5,2025-10-05,NO,NYG,Kellen Moore,Brian Daboll,dome,sportturf,,,1.5,41.5
2025_05_SF_LA,2025,5,2025-10-02,LA,SF,Sean McVay,Kyle Shanahan,dome,matrixturf,,,8.5,43.5
2025_05_TB_SEA,2025,5,2025-10-05,SEA,TB,Mike Macdonald,Todd Bowles,outdoors,fieldturf,61.0,8.0,3.5,44.5
2025_05_TEN_ARI,2025,5,2025-10-05,ARI,TEN,Jonathan Gannon,Brian Callahan,closed,grass,,,7.5,41.5
2025_05_WAS_LAC,2025,5,2025-10-05,LAC,WAS,Jim Harbaugh,Dan Quinn,dome,matrixturf,,,2.5,47.5
2025_06_ARI_IND,2025,6,2025-10-12,IND,ARI,Shane Steichen,Jonathan Gannon,closed,fieldturf,,,8.5,46.5
2025_06_BUF_ATL,2025,6,2025-10-13,ATL,BUF,Raheem Morris,Sean McDermott,closed,fieldturf,,,-3.5,49.5
2025_06_CHI_WAS,2025,6,2025-10-13,WAS,CHI,Dan Quinn,Ben Johnson,outdoors,grass,59.0,12.0,5.5,49.5
2025_06_CIN_GB,2025,6,2025-10-12,GB,CIN,Matt LaFleur,Zac Taylor,outdoors,grass,64.0,14.0,14.0,44.5
2025_06_CLE_PIT,2025,6,2025-10-12,PIT,CLE,Mike Tomlin,Kevin Stefanski,outdoors,grass,64.0,8.0,5.5,37.5
2025_06_DAL_CAR,2025,6,2025-10-12,CAR,DAL,Dave Canales,Brian Schottenheimer,outdoors,grass,68.0,15.0,-3.0,47.5
2025_06_DEN_NYJ,2025,6,2025-10-12,NYJ,DEN,Aaron Glenn,Sean Payton,outdoors,grass,59.0,6.0,-7.5,43.5
2025_06_DET_KC,2025,6,2025-10-12,KC,DET,Andy Reid,Dan Campbell,outdoors,grass,85.0,13.0,2.5,51.5
2025_06_LAC_MIA,2025,6,2025-10-12,MIA,LAC,Mike McDaniel,Jim Harbaugh,outdoors,grass,85.0,4.0,-3.5,45.5
2025_06_LA_BAL,2025,6,2025-10-12,BAL,LA,John Harbaugh,Sean McVay,outdoors,grass,64.0,15.0,-7.0,43.5
2025_06_NE_NO,2025,6,2025-10-12,NO,NE,Kellen Moore,Mike Vrabel,dome,sportturf,,,-3.5,46.5
2025_06_PHI_NYG,2025,6,2025-10-09,NYG,PHI,Brian Daboll,Nick Sirianni,outdoors,fieldturf,53.0,3.0,-7.0,40.5
2025_06_SEA_JAX,2025,6,2025-10-12,JAX,SEA,Liam Coen,Mike Macdonald,outdoors,grass,76.0,8.0,-1.5,47.5
2025_06_SF_TB,2025,6,2025-10-12,TB,SF,Todd Bowles,Kyle Shanahan,outdoors,grass,82.0,10.0,3.5,46.5
2025_06_TEN_LV,2025,6,2025-10-12,LV,TEN,Pete Carroll,Brian Callahan,dome,grass,,,3.5,41.5
2025_07_ATL_SF,2025,7,2025-10-19,SF,ATL,Kyle Shanahan,Raheem Morris,outdoors,grass,74.0,5.0,1.5,46.5
2025_07_CAR_NYJ,2025,7,2025-10-19,NYJ,CAR,Aaron Glenn,Dave Canales,outdoors,fieldturf,71.0,13.0,1.5,39.5
2025_07_GB_ARI,2025,7,2025-10-19,ARI,GB,Jonathan Gannon,Matt LaFleur,closed,grass,,,-7.0,44.5
2025_07_HOU_SEA,2025,7,2025-10-20,SEA,HOU,Mike Macdonald,DeMeco Ryans,outdoors,fieldturf,56.0,5.0,3.0,41.5
2025_07_IND_LAC,2025,7,2025-10-19,LAC,IND,Jim Harbaugh,Shane Steichen,dome,matrixturf,,,2.5,48.5
2025_07_LA_JAX,2025,7,2025-10-19,JAX,LA,Liam Coen,Sean McVay,outdoors,grass,59.0,9.0,-3.0,44.5
2025_07_LV_KC,2025,7,2025-10-19,KC,LV,Andy Reid,Pete Carroll,outdoors,grass,57.0,9.0,13.5,44.5
2025_07_MIA_CLE,2025,7,2025-10-19,CLE,MIA,Kevin Stefanski,Mike McDaniel,outdoors,grass,65.0,17.0,2.5,34.5
2025_07_NE_TEN,2025,7,2025-10-19,TEN,NE,Brian Callahan,Mike Vrabel,outdoors,grass,60.0,18.0,-6.5,40.5
2025_07_NO_CHI,2025,7,2025-10-19,CHI,NO,Ben Johnson,Kellen Moore,outdoors,grass,49.0,8.0,4.5,43.5
2025_07_NYG_DEN,2025,7,2025-10-19,DEN,NYG,Sean Payton,Brian Daboll,outdoors,grass,72.0,3.0,7.5,39.5
2025_07_PHI_MIN,2025,7,2025-10-19,MIN,PHI,Kevin O'Connell,Nick Sirianni,dome,sportturf,,,-2.5,43.5
2025_07_PIT_CIN,2025,7,2025-10-16,CIN,PIT,Zac Taylor,Mike Tomlin,outdoors,fieldturf,60.0,5.0,-5.5,45.5
2025_07_TB_DET,2025,7,2025-10-20,DET,TB,Dan Campbell,Todd Bowles,dome,fieldturf,,,6.0,54.5
2025_07_WAS_DAL,2025,7,2025-10-19,DAL,WAS,Brian Schottenheimer,Dan Quinn,closed,matrixturf,,,1.5,54.5
2025_08_BUF_CAR,2025,8,2025-10-26,CAR,BUF,Dave Canales,Sean McDermott,outdoors,grass,63.0,9.0,-7.0,47.5
2025_08_CHI_BAL,2025,8,2025-10-26,BAL,CHI,John Harbaugh,Ben Johnson,outdoors,grass,60.0,2.0,2.5,45.5
2025_08_CLE_NE,2025,8,2025-10-26,NE,CLE,Mike Vrabel,Kevin Stefanski,outdoors,fieldturf,53.0,7.0,7.0,40.5
2025_08_DAL_DEN,2025,8,2025-10-26,DEN,DAL,Sean Payton,Brian Schottenheimer,outdoors,grass,67.0,4.0,3.5,51.5
2025_08_GB_PIT,2025,8,2025-10-26,PIT,GB,Mike Tomlin,Matt LaFleur,outdoors,grass,46.0,5.0,-3.0,46.5
2025_08_MIA_ATL,2025,8,2025-10-26,ATL,MIA,Raheem Morris,Mike McDaniel,closed,fieldturf,,,7.0,44.5
2025_08_MIN_LAC,2025,8,2025-10-23,LAC,MIN,Jim Harbaugh,Kevin O'Connell,dome,matrixturf,,,3.0,45.5
2025_08_NYG_PHI,2025,8,2025-10-26,PHI,NYG,Nick Sirianni,Brian Daboll,outdoors,grass,60.0,4.0,7.0,43.5
2025_08_NYJ_CIN,2025,8,2025-10-26,CIN,NYJ,Zac Taylor,Aaron Glenn,outdoors,fieldturf,57.0,8.0,5.5,43.5
2025_08_SF_HOU,2025,8,2025-10-26,HOU,SF,DeMeco Ryans,Kyle Shanahan,closed,astroturf,,,2.5,41.5
2025_08_TB_NO,2025,8,2025-10-26,NO,TB,Kellen Moore,Todd Bowles,dome,sportturf,,,-4.5,46.5
2025_08_TEN_IND,2025,8,2025-10-26,IND,TEN,Shane Steichen,Brian Callahan,closed,fieldturf,,,15.5,47.5
2025_08_WAS_KC,2025,8,2025-10-27,KC,WAS,Andy Reid,Dan Quinn,outdoors,grass,54.0,8.0,10.5,48.5
2025_09_ARI_DAL,2025,9,2025-11-03,DAL,ARI,Brian Schottenheimer,Jonathan Gannon,closed,matrixturf,,,3.5,53.5
2025_09_ATL_NE,2025,9,2025-11-02,NE,ATL,Mike Vrabel,Raheem Morris,outdoors,fieldturf,52.0,7.0,5.5,45.5
2025_09_BAL_MIA,2025,9,2025-10-30,MIA,BAL,Mike McDaniel,John Harbaugh,outdoors,grass,73.0,5.0,-7.5,51.5
2025_09_CAR_GB,2025,9,2025-11-02,GB,CAR,Matt LaFleur,Dave Canales,outdoors,grass,47.0,15.0,12.5,43.5
2025_09_CHI_CIN,2025,9,2025-11-02,CIN,CHI,Zac Taylor,Ben Johnson,outdoors,fieldturf,50.0,6.0,-3.0,51.5
2025_09_DEN_HOU,2025,9,2025-11-02,HOU,DEN,DeMeco Ryans,Sean Payton,closed,astroturf,,,1.5,40.5
2025_09_IND_PIT,2025,9,2025-11-02,PIT,IND,Mike Tomlin,Shane Steichen,outdoors,grass,56.0,2.0,-3.5,51.5
2025_09_JAX_LV,2025,9,2025-11-02,LV,JAX,Pete Carroll,Liam Coen,dome,grass,,,-2.5,43.5
2025_09_KC_BUF,2025,9,2025-11-02,BUF,KC,Sean McDermott,Andy Reid,outdoors,a_turf,54.0,6.0,-2.5,53.5
2025_09_LAC_TEN,2025,9,2025-11-02,TEN,LAC,Brian Callahan,Jim Harbaugh,outdoors,grass,46.0,5.0,-10.0,44.5
2025_09_MIN_DET,2025,9,2025-11-02,DET,MIN,Dan Campbell,Kevin O'Connell,dome,fieldturf,,,9.5,47.5
2025_09_NO_LA,2025,9,2025-11-02,LA,NO,Sean McVay,Kellen Moore,dome,matrixturf,,,14.0,44.5
2025_09_SEA_WAS,2025,9,2025-11-02,WAS,SEA,Dan Quinn,Mike Macdonald,outdoors,grass,53.0,3.0,-2.5,47.5
2025_09_SF_NYG,2025,9,2025-11-02,NYG,SF,Brian Daboll,Kyle Shanahan,outdoors,fieldturf,56.0,5.0,-2.5,47.5
2025_10_ARI_SEA,2025,10,2025-11-09,SEA,ARI,Mike Macdonald,Jonathan Gannon,outdoors,fieldturf,59.0,5.0,7.0,44.5
2025_10_ATL_IND,2025,10,2025-11-09,IND,ATL,Shane Steichen,Raheem Morris,closed,grass,46.0,2.0,6.5,48.5
2025_10_BAL_MIN,2025,10,2025-11-09,MIN,BAL,Kevin O'Connell,John Harbaugh,dome,sportturf,,,-4.5,48.5
2025_10_BUF_MIA,2025,10,2025-11-09,MIA,BUF,Mike McDaniel,Sean McDermott,outdoors,grass,84.0,6.0,-8.5,50.5
2025_10_CLE_NYJ,2025,10,2025-11-09,NYJ,CLE,Aaron Glenn,Kevin Stefanski,outdoors,fieldturf,62.0,12.0,-1.5,37.5
2025_10_DET_WAS,2025,10,2025-11-09,WAS,DET,Dan Quinn,Dan Campbell,outdoors,grass,64.0,9.0,-8.5,49.5
2025_10_JAX_HOU,2025,10,2025-11-09,HOU,JAX,DeMeco Ryans,Liam Coen,closed,astroturf,,,-1.5,37.5
2025_10_LA_SF,2025,10,2025-11-09,SF,LA,Kyle Shanahan,Sean McVay,outdoors,grass,77.0,3.0,-5.5,49.5
2025_10_LV_DEN,2025,10,2025-11-06,DEN,LV,Sean Payton,Pete Carroll,outdoors,grass,60.0,10.0,9.5,42.5
2025_10_NE_TB,2025,10,2025-11-09,TB,NE,Todd Bowles,Mike Vrabel,outdoors,grass,82.0,11.0,2.5,48.5
2025_10_NO_CAR,2025,10,2025-11-09,CAR,NO,Dave Canales,Kellen Moore,outdoors,grass,73.0,15.0,5.5,38.5
2025_10_NYG_CHI,2025,10,2025-11-09,CHI,NYG,Ben Johnson,Brian Daboll,outdoors,grass,33.0,10.0,4.5,45.5
2025_10_PHI_GB,2025,10,2025-11-10,GB,PHI,Matt LaFleur,Nick Sirianni,outdoors,grass,33.0,9.0,1.5,45.5
2025_10_PIT_LAC,2025,10,2025-11-09,LAC,PIT,Jim Harbaugh,Mike Tomlin,dome,matrixturf,,,3.0,45.5
2025_11_BAL_CLE,2025,11,2025-11-16,CLE,BAL,Kevin Stefanski,John Harbaugh,outdoors,grass,44.0,20.0,-7.5,37.5
2025_11_CAR_ATL,2025,11,2025-11-16,ATL,CAR,Raheem Morris,Dave Canales,closed,fieldturf,,,4.5,42.5
2025_11_CHI_MIN,2025,11,2025-11-16,MIN,CHI,Kevin O'Connell,Ben Johnson,dome,sportturf,,,3.0,47.5
2025_11_CIN_PIT,2025,11,2025-11-16,PIT,CIN,Mike Tomlin,Zac Taylor,outdoors,grass,46.0,17.0,5.5,48.5
2025_11_DAL_LV,2025,11,2025-11-17,LV,DAL,Pete Carroll,Brian Schottenheimer,dome,grass,,,-3.5,48.5
2025_11_DET_PHI,2025,11,2025-11-16,PHI,DET,Nick Sirianni,Dan Campbell,outdoors,grass,45.0,15.0,2.5,46.5
2025_11_GB_NYG,2025,11,2025-11-16,NYG,GB,Brian Daboll,Matt LaFleur,outdoors,fieldturf,55.0,17.0,-7.5,41.5
2025_11_HOU_TEN,2025,11,2025-11-16,TEN,HOU,Brian Callahan,DeMeco Ryans,outdoors,grass,64.0,8.0,-5.5,37.5
2025_11_KC_DEN,2025,11,2025-11-16,DEN,KC,Sean Payton,Andy Reid,outdoors,grass,70.0,6.0,-3.5,44.5
2025_11_LAC_JAX,2025,11,2025-11-16,JAX,LAC,Liam Coen,Jim Harbaugh,outdoors,grass,74.0,9.0,-3.0,43.5
2025_11_NYJ_NE,2025,11,2025-11-13,NE,NYJ,Mike Vrabel,Aaron Glenn,outdoors,fieldturf,39.0,9.0,12.5,43.5
2025_11_SEA_LA,2025,11,2025-11-16,LA,SEA,Sean McVay,Mike Macdonald,dome,matrixturf,,,3.0,49.5
2025_11_SF_ARI,2025,11,2025-11-16,ARI,SF,Jonathan Gannon,Kyle Shanahan,closed,grass,,,-3.5,48.5
2025_11_TB_BUF,2025,11,2025-11-16,BUF,TB,Sean McDermott,Todd Bowles,outdoors,a_turf,38.0,20.0,6.0,46.5
2025_11_WAS_MIA,2025,11,2025-11-16,MIA,WAS,Mike McDaniel,Dan Quinn,outdoors,grass,,,2.5,47.5
2025_12_ATL_NO,2025,12,2025-11-23,NO,ATL,Kellen Moore,Raheem Morris,dome,sportturf,,,1.5,41.5
2025_12_BUF_HOU,2025,12,2025-11-20,HOU,BUF,DeMeco Ryans,Sean McDermott,closed,astroturf,,,-5.5,43.5
2025_12_CAR_SF,2025,12,2025-11-24,SF,CAR,Kyle Shanahan,Dave Canales,outdoors,grass,58.0,3.0,7.5,48.5
2025_12_CLE_LV,2025,12,2025-11-23,LV,CLE,Pete Carroll,Kevin Stefanski,dome,grass,,,3.0,35.5
2025_12_IND_KC,2025,12,2025-11-23,KC,IND,Andy Reid,Shane Steichen,outdoors,grass,,,3.5,50.5
2025_12_JAX_ARI,2025,12,2025-11-23,ARI,JAX,Jonathan Gannon,Liam Coen,closed,grass,,,-2.5,47.5
2025_12_MIN_GB,2025,12,2025-11-23,GB,MIN,Matt LaFleur,Kevin O'Connell,outdoors,grass,43.0,10.0,6.5,41.5
2025_12_NE_CIN,2025,12,2025-11-23,CIN,NE,Zac Taylor,Mike Vrabel,outdoors,fieldturf,54.0,7.0,-7.5,50.5
2025_12_NYG_DET,2025,12,2025-11-23,DET,NYG,Dan Campbell,Brian Daboll,dome,fieldturf,,,14.0,50.5
2025_12_NYJ_BAL,2025,12,2025-11-23,BAL,NYJ,John Harbaugh,Aaron Glenn,outdoors,grass,54.0,3.0,14.0,44.5
2025_12_PHI_DAL,2025,12,2025-11-23,DAL,PHI,Brian Schottenheimer,Nick Sirianni,closed,matrixturf,,,-3.0,47.5
2025_12_PIT_CHI,2025,12,2025-11-23,CHI,PIT,Ben Johnson,Mike Tomlin,outdoors,grass,51.0,3.0,3.0,46.5
2025_12_SEA_TEN,2025,12,2025-11-23,TEN,SEA,Brian Callahan,Mike Macdonald,outdoors,grass,55.0,1.0,-12.5,41.5
2025_12_TB_LA,2025,12,2025-11-23,LA,TB,Sean McVay,Todd Bowles,dome,matrixturf,,,7.0,49.5
2025_13_ARI_TB,2025,13,2025-11-30,TB,ARI,Todd Bowles,Jonathan Gannon,outdoors,grass,80.0,8.0,4.5,44.5
2025_13_ATL_NYJ,2025,13,2025-11-30,NYJ,ATL,Aaron Glenn,Raheem Morris,outdoors,fieldturf,43.0,8.0,-3.0,38.5
2025_13_BUF_PIT,2025,13,2025-11-30,PIT,BUF,Mike Tomlin,Sean McDermott,outdoors,grass,34.0,16.0,-3.0,44.5
2025_13_CHI_PHI,2025,13,2025-11-28,PHI,CHI,Nick Sirianni,Ben Johnson,outdoors,grass,42.0,18.0,7.0,43.5
2025_13_CIN_BAL,2025,13,2025-11-27,BAL,CIN,John Harbaugh,Zac Taylor,outdoors,grass,38.0,11.0,7.0,52.5
2025_13_DEN_WAS,2025,13,2025-11-30,WAS,DEN,Dan Quinn,Sean Payton,outdoors,grass,40.0,13.0,-6.5,43.5
2025_13_GB_DET,2025,13,2025-11-27,DET,GB,Dan Campbell,Matt LaFleur,dome,fieldturf,,,2.5,48.5
2025_13_HOU_IND,2025,13,2025-11-30,IND,HOU,Shane Steichen,DeMeco Ryans,closed,fieldturf,,,3.0,44.5
2025_13_JAX_TEN,2025,13,2025-11-30,TEN,JAX,Brian Callahan,Liam Coen,outdoors,grass,38.0,7.0,-6.0,42.5
2025_13_KC_DAL,2025,13,2025-11-27,DAL,KC,Brian Schottenheimer,Andy Reid,closed,matrixturf,,,-3.5,53.5
2025_13_LA_CAR,2025,13,2025-11-30,CAR,LA,Dave Canales,Sean McVay,outdoors,grass,45.0,3.0,-10.0,44.5
2025_13_LV_LAC,2025,13,2025-11-30,LAC,LV,Jim Harbaugh,Pete Carroll,dome,matrixturf,,,10.0,40.5
2025_13_MIN_SEA,2025,13,2025-11-30,SEA,MIN,Mike Macdonald,Kevin O'Connell,outdoors,fieldturf,45.0,2.0,12.5,42.5
2025_13_NO_MIA,2025,13,2025-11-30,MIA,NO,Mike McDaniel,Kellen Moore,outdoors,grass,76.0,10.0,5.5,41.5
2025_13_NYG_NE,2025,13,2025-12-01,NE,NYG,Mike Vrabel,Brian Daboll,outdoors,fieldturf,30.0,5.0,7.0,46.5
2025_13_SF_CLE,2025,13,2025-11-30,CLE,SF,Kevin Stefanski,Kyle Shanahan,outdoors,grass,35.0,20.0,-5.5,35.5
2025_14_CHI_GB,2025,14,2025-12-07,GB,CHI,Matt LaFleur,Ben Johnson,outdoors,grass,16.0,9.0,6.5,44.5
2025_14_CIN_BUF,2025,14,2025-12-07,BUF,CIN,Sean McDermott,Zac Taylor,outdoors,a_turf,31.0,12.0,6.0,54.5
2025_14_DAL_DET,2025,14,2025-12-04,DET,DAL,Dan Campbell,Brian Schottenheimer,dome,fieldturf,,,3.5,55.5
2025_14_DEN_LV,2025,14,2025-12-07,LV,DEN,Pete Carroll,Sean Payton,dome,grass,,,-8.5,40.5
2025_14_HOU_KC,2025,14,2025-12-07,KC,HOU,Andy Reid,DeMeco Ryans,outdoors,grass,27.0,8.0,4.5,41.5
2025_14_IND_JAX,2025,14,2025-12-07,JAX,IND,Liam Coen,Shane Steichen,outdoors,grass,61.0,7.0,-2.5,44.5
2025_14_LA_ARI,2025,14,2025-12-07,ARI,LA,Jonathan Gannon,Sean McVay,closed,grass,,,-9.5,49.5
2025_14_MIA_NYJ,2025,14,2025-12-07,NYJ,MIA,Aaron Glenn,Mike McDaniel,outdoors,fieldturf,41.0,6.0,-2.5,41.5
2025_14_NO_TB,2025,14,2025-12-07,TB,NO,Todd Bowles,Kellen Moore,outdoors,grass,73.0,6.0,7.5,41.5
2025_14_PHI_LAC,2025,14,2025-12-08,LAC,PHI,Jim Harbaugh,Nick Sirianni,dome,matrixturf,,,-1.5,41.5
2025_14_PIT_BAL,2025,14,2025-12-07,BAL,PIT,John Harbaugh,Mike Tomlin,outdoors,grass,44.0,6.0,5.5,43.5
2025_14_SEA_ATL,2025,14,2025-12-07,ATL,SEA,Raheem Morris,Mike Macdonald,closed,fieldturf,,,-7.0,44.5
2025_14_TEN_CLE,2025,14,2025-12-07,CLE,TEN,Kevin Stefanski,Brian Callahan,outdoors,grass,33.0,6.0,4.5,33.5
2025_14_WAS_MIN,2025,14,2025-12-07,MIN,WAS,Kevin O'Connell,Dan Quinn,dome,sportturf,,,-1.5,43.5
2025_15_ARI_HOU,2025,15,2025-12-14,HOU,ARI,DeMeco Ryans,Jonathan Gannon,closed,astroturf,,,10.5,42.5
2025_15_ATL_TB,2025,15,2025-12-11,TB,ATL,Todd Bowles,Raheem Morris,outdoors,grass,56.0,5.0,6.0,43.5
2025_15_BAL_CIN,2025,15,2025-12-14,CIN,BAL,Zac Taylor,John Harbaugh,outdoors,fieldturf,10.0,7.0,-2.5,51.5
2025_15_BUF_NE,2025,15,2025-12-14,NE,BUF,Mike Vrabel,Sean McDermott,outdoors,fieldturf,32.0,6.0,-2.5,49.5
2025_15_CAR_NO,2025,15,2025-12-14,NO,CAR,Kellen Moore,Dave Canales,dome,sportturf,,,-2.5,41.5
2025_15_CLE_CHI,2025,15,2025-12-14,CHI,CLE,Ben Johnson,Kevin Stefanski,outdoors,grass,8.0,6.0,7.5,38.5
2025_15_DET_LA,2025,15,2025-12-14,LA,DET,Sean McVay,Dan Campbell,dome,matrixturf,,,5.5,54.5
2025_15_GB_DEN,2025,15,2025-12-14,DEN,GB,Sean Payton,Matt LaFleur,outdoors,grass,65.0,3.0,-1.5,42.5
2025_15_IND_SEA,2025,15,2025-12-14,SEA,IND,Mike Macdonald,Shane Steichen,outdoors,fieldturf,51.0,9.0,13.5,41.5
2025_15_LAC_KC,2025,15,2025-12-14,KC,LAC,Andy Reid,Jim Harbaugh,outdoors,grass,,,5.5,41.5
2025_15_LV_PHI,2025,15,2025-12-14,PHI,LV,Nick Sirianni,Pete Carroll,outdoors,grass,30.0,20.0,12.5,37.5
2025_15_MIA_PIT,2025,15,2025-12-15,PIT,MIA,Mike Tomlin,Mike McDaniel,outdoors,grass,17.0,7.0,3.0,42.5
2025_15_MIN_DAL,2025,15,2025-12-14,DAL,MIN,Brian Schottenheimer,Kevin O'Connell,closed,matrixturf,,,5.5,47.5
2025_15_NYJ_JAX,2025,15,2025-12-14,JAX,NYJ,Liam Coen,Aaron Glenn,outdoors,grass,70.0,11.0,13.5,40.5
2025_15_TEN_SF,2025,15,2025-12-14,SF,TEN,Kyle Shanahan,Brian Callahan,outdoors,grass,54.0,4.0,12.5,44.5
2025_15_WAS_NYG,2025,15,2025-12-14,NYG,WAS,Brian Daboll,Dan Quinn,outdoors,fieldturf,27.0,13.0,2.5,46.5
2025_16_ATL_ARI,2025,16,2025-12-21,ARI,ATL,Jonathan Gannon,Raheem Morris,closed,grass,,,-2.5,48.5
2025_16_BUF_CLE,2025,16,2025-12-21,CLE,BUF,Kevin Stefanski,Sean McDermott,outdoors,grass,25.0,16.0,-10.5,41.5
2025_16_CIN_MIA,2025,16,2025-12-21,MIA,CIN,Mike McDaniel,Zac Taylor,outdoors,grass,81.0,7.0,-3.5,48.5
2025_16_GB_CHI,2025,16,2025-12-20,CHI,GB,Ben Johnson,Matt LaFleur,outdoors,grass,37.0,6.0,1.5,45.5
2025_16_JAX_DEN,2025,16,2025-12-21,DEN,JAX,Sean Payton,Liam Coen,outdoors,grass,62.0,3.0,3.5,46.5
2025_16_KC_TEN,2025,16,2025-12-21,TEN,KC,Brian Callahan,Andy Reid,outdoors,grass,51.0,8.0,-3.5,37.5
2025_16_LAC_DAL,2025,16,2025-12-21,DAL,LAC,Brian Schottenheimer,Jim Harbaugh,closed,matrixturf,,,1.5,50.5
2025_16_LA_SEA,2025,16,2025-12-18,SEA,LA,Mike Macdonald,Sean McVay,outdoors,fieldturf,51.0,17.0,1.5,42.5
2025_16_LV_HOU,2025,16,2025-12-21,HOU,LV,DeMeco Ryans,Pete Carroll,closed,astroturf,,,14.5,39.5
2025_16_MIN_NYG,2025,16,2025-12-21,NYG,MIN,Brian Daboll,Kevin O'Connell,outdoors,fieldturf,46.0,20.0,-2.5,41.5
2025_16_NE_BAL,2025,16,2025-12-21,BAL,NE,John Harbaugh,Mike Vrabel,outdoors,grass,40.0,2.0,3.5,48.5
2025_16_NYJ_NO,2025,16,2025-12-21,NO,NYJ,Kellen Moore,Aaron Glenn,dome,sportturf,,,6.5,39.5
2025_16_PHI_WAS,2025,16,2025-12-20,WAS,PHI,Dan Quinn,Nick Sirianni,outdoors,grass,42.0,7.0,-7.0,43.5
2025_16_PIT_DET,2025,16,2025-12-21,DET,PIT,Dan Campbell,Mike Tomlin,dome,fieldturf,,,7.5,52.5
2025_16_SF_IND,2025,16,2025-12-22,IND,SF,Shane Steichen,Kyle Shanahan,closed,fieldturf,,,-4.5,46.5
2025_16_TB_CAR,2025,16,2025-12-21,CAR,TB,Dave Canales,Todd Bowles,outdoors,grass,61.0,8.0,-3.0,44.5
2025_17_ARI_CIN,2025,17,2025-12-28,CIN,ARI,Zac Taylor,Jonathan Gannon,outdoors,fieldturf,65.0,9.0,7.0,52.5
2025_17_BAL_GB,2025,17,2025-12-27,GB,BAL,Matt LaFleur,John Harbaugh,outdoors,grass,36.0,10.0,2.5,38.5
2025_17_CHI_SF,2025,17,2025-12-28,SF,CHI,Kyle Shanahan,Ben Johnson,outdoors,grass,53.0,5.0,3.5,51.5
2025_17_DAL_WAS,2025,17,2025-12-25,WAS,DAL,Dan Quinn,Brian Schottenheimer,outdoors,grass,50.0,7.0,-8.5,50.5
2025_17_DEN_KC,2025,17,2025-12-25,KC,DEN,Andy Reid,Sean Payton,outdoors,grass,,,-13.5,37.5
2025_17_DET_MIN,2025,17,2025-12-25,MIN,DET,Kevin O'Connell,Dan Campbell,dome,sportturf,,,-7.0,45.5
2025_17_HOU_LAC,2025,17,2025-12-27,LAC,HOU,Jim Harbaugh,DeMeco Ryans,dome,matrixturf,,,1.5,40.5
2025_17_JAX_IND,2025,17,2025-12-28,IND,JAX,Shane Steichen,Liam Coen,closed,fieldturf,,,-3.5,48.5
2025_17_LA_ATL,2025,17,2025-12-29,ATL,LA,Raheem Morris,Sean McVay,closed,fieldturf,,,-7.5,48.5
2025_17_NE_NYJ,2025,17,2025-12-28,NYJ,NE,Aaron Glenn,Mike Vrabel,outdoors,fieldturf,29.0,4.0,-12.5,42.5
2025_17_NO_TEN,2025,17,2025-12-28,TEN,NO,Brian Callahan,Kellen Moore,outdoors,grass,71.0,14.0,-1.5,39.5
2025_17_NYG_LV,2025,17,2025-12-28,LV,NYG,Pete Carroll,Brian Daboll,dome,grass,,,-3.0,40.5
2025_17_PHI_BUF,2025,17,2025-12-28,BUF,PHI,Sean McDermott,Nick Sirianni,outdoors,a_turf,38.0,6.0,3.0,45.5
2025_17_PIT_CLE,2025,17,2025-12-28,CLE,PIT,Kevin Stefanski,Mike Tomlin,outdoors,grass,45.0,14.0,-4.5,35.5
2025_17_SEA_CAR,2025,17,2025-12-28,CAR,SEA,Dave Canales,Mike Macdonald,outdoors,grass,43.0,2.0,-6.5,42.5
2025_17_TB_MIA,2025,17,2025-12-28,MIA,TB,Mike McDaniel,Todd Bowles,outdoors,grass,80.0,3.0,-5.5,44.5
2025_18_ARI_LA,2025,18,2026-01-04,LA,ARI,Sean McVay,Jonathan Gannon,dome,matrixturf,,,14.5,49.5
2025_18_BAL_PIT,2025,18,2026-01-04,PIT,BAL,Mike Tomlin,John Harbaugh,outdoors,grass,25.0,3.0,-4.5,41.5
2025_18_CAR_TB,2025,18,2026-01-03,TB,CAR,Todd Bowles,Dave Canales,outdoors,grass,69.0,11.0,3.0,43.5
2025_18_CLE_CIN,2025,18,2026-01-04,CIN,CLE,Zac Taylor,Kevin Stefanski,outdoors,fieldturf,37.0,0.0,9.5,47.5
2025_18_DAL_NYG,2025,18,2026-01-04,NYG,DAL,Brian Daboll,Brian Schottenheimer,outdoors,fieldturf,33.0,7.0,-3.0,50.5
2025_18_DET_CHI,2025,18,2026-01-04,CHI,DET,Ben Johnson,Dan Campbell,outdoors,grass,33.0,4.0,3.5,51.5
2025_18_GB_MIN,2025,18,2026-01-04,MIN,GB,Kevin O'Connell,Matt LaFleur,dome,sportturf,,,12.5,37.5
2025_18_IND_HOU,2025,18,2026-01-04,HOU,IND,DeMeco Ryans,Shane Steichen,closed,astroturf,,,9.5,37.5
2025_18_KC_LV,2025,18,2026-01-04,LV,KC,Pete Carroll,Andy Reid,dome,grass,,,-3.5,36.5
2025_18_LAC_DEN,2025,18,2026-01-04,DEN,LAC,Sean Payton,Jim Harbaugh,outdoors,grass,66.0,8.0,14.5,37.5
2025_18_MIA_NE,2025,18,2026-01-04,NE,MIA,Mike Vrabel,Mike McDaniel,outdoors,fieldturf,29.0,6.0,14.0,44.5
2025_18_NO_ATL,2025,18,2026-01-04,ATL,NO,Raheem Morris,Kellen Moore,closed,fieldturf,,,4.5,43.5
2025_18_NYJ_BUF,2025,18,2026-01-04,BUF,NYJ,Sean McDermott,Aaron Glenn,outdoors,a_turf,27.0,13.0,12.5,39.5
2025_18_SEA_SF,2025,18,2026-01-03,SF,SEA,Kyle Shanahan,Mike Macdonald,outdoors,grass,57.0,8.0,-2.5,47.5
2025_18_TEN_JAX,2025,18,2026-01-04,JAX,TEN,Liam Coen,Brian Callahan,outdoors,grass,55.0,8.0,12.5,46.5
2025_18_WAS_PHI,2025,18,2026-01-04,PHI,WAS,Nick Sirianni,Dan Quinn,outdoors,grass,35.0,9.0,3.0,38.5
