game_id,season,week,posteam,kicker_player_name,fg_made,fg_att,xp_made,xp_att,points,long_fg
2022_01_BAL_NYJ,2022,1,BAL,J.Tucker,1,1,3,3,6,24.0
2022_01_BAL_NYJ,2022,1,NYJ,G.Zuerlein,1,2,0,1,3,45.0
2022_01_BUF_LA,2022,1,BUF,T.Bass,1,1,4,4,7,41.0
2022_01_BUF_LA,2022,1,LA,M.Gay,1,1,1,1,4,57.0
2022_01_CLE_CAR,2022,1,CAR,E.Pineiro,1,1,3,3,6,34.0
2022_01_CLE_CAR,2022,1,CLE,C.York,4,4,2,2,14,58.0
2022_01_DEN_SEA,2022,1,DEN,B.McManus,3,4,1,1,10,40.0
2022_01_DEN_SEA,2022,1,SEA,J.Myers,1,1,2,2,5,49.0
2022_01_GB_MIN,2022,1,GB,M.Crosby,0,0,1,1,1,
2022_01_GB_MIN,2022,1,MIN,G.Joseph,3,3,2,2,11,56.0
2022_01_IND_HOU,2022,1,HOU,K.Fairbairn,2,2,2,2,8,45.0
2022_01_IND_HOU,2022,1,IND,R.Blankenship,2,3,2,2,8,45.0
2022_01_JAX_WAS,2022,1,JAX,R.Patterson,3,4,1,1,10,45.0
2022_01_JAX_WAS,2022,1,WAS,J.Slye,0,0,2,2,2,
2022_01_KC_ARI,2022,1,ARI,M.Prater,0,0,1,1,1,
2022_01_KC_ARI,2022,1,KC,H.Butker,1,1,4,4,7,54.0
2022_01_KC_ARI,2022,1,KC,J.Reid,0,0,1,2,1,
2022_01_LV_LAC,2022,1,LAC,D.Hopkins,1,2,3,3,6,43.0
2022_01_LV_LAC,2022,1,LV,D.Carlson,2,2,1,1,7,55.0
2022_01_NE_MIA,2022,1,MIA,J.Sanders,2,2,2,2,8,49.0
2022_01_NE_MIA,2022,1,NE,N.Folk,0,0,1,1,1,
2022_01_NO_ATL,2022,1,ATL,Y.Koo,4,5,2,2,14,54.0
2022_01_NO_ATL,2022,1,NO,W.Lutz,2,3,1,1,7,51.0
2022_01_NYG_TEN,2022,1,NYG,G.Gano,0,0,1,1,1,
2022_01_NYG_TEN,2022,1,TEN,R.Bullock,2,3,2,2,8,46.0
2022_01_PHI_DET,2022,1,DET,A.Seibert,0,0,5,5,5,
2022_01_PHI_DET,2022,1,PHI,J.Elliott,1,1,5,5,8,23.0
2022_01_PIT_CIN,2022,1,CIN,E.McPherson,2,3,0,1,6,59.0
2022_01_PIT_CIN,2022,1,PIT,C.Boswell,3,4,2,2,11,53.0
2022_01_SF_CHI,2022,1,CHI,C.Santos,0,0,1,3,1,
2022_01_SF_CHI,2022,1,SF,R.Gould,1,1,1,1,4,25.0
2022_01_TB_DAL,2022,1,DAL,B.Maher,1,1,0,0,3,51.0
2022_01_TB_DAL,2022,1,TB,R.Succop,4,5,1,1,13,47.0
2022_02_ARI_LV,2022,2,ARI,M.Prater,0,0,1,1,1,
2022_02_ARI_LV,2022,2,LV,D.Carlson,3,3,2,2,11,55.0
2022_02_ATL_LA,2022,2,ATL,Y.Koo,1,2,2,2,5,26.0
2022_02_ATL_LA,2022,2,LA,M.Gay,1,1,4,4,7,20.0
2022_02_CAR_NYG,2022,2,CAR,E.Pineiro,3,3,1,1,10,38.0
2022_02_CAR_NYG,2022,2,NYG,G.Gano,4,4,1,1,13,56.0
2022_02_CHI_GB,2022,2,CHI,C.Santos,1,1,1,1,4,44.0
2022_02_CHI_GB,2022,2,GB,M.Crosby,2,2,3,3,9,40.0
2022_02_CIN_DAL,2022,2,CIN,E.McPherson,3,3,0,0,9,50.0
2022_02_CIN_DAL,2022,2,DAL,B.Maher,2,2,2,2,8,54.0
2022_02_HOU_DEN,2022,2,DEN,B.McManus,3,3,1,1,10,50.0
2022_02_HOU_DEN,2022,2,HOU,K.Fairbairn,3,3,0,0,9,44.0
2022_02_IND_JAX,2022,2,JAX,R.Patterson,1,1,3,3,6,52.0
2022_02_LAC_KC,2022,2,KC,M.Ammendola,2,2,3,3,9,31.0
2022_02_LAC_KC,2022,2,LAC,D.Hopkins,1,1,3,3,6,31.0
2022_02_MIA_BAL,2022,2,BAL,J.Tucker,1,1,5,5,8,51.0
2022_02_MIA_BAL,2022,2,MIA,J.Sanders,0,0,6,6,6,
2022_02_MIN_PHI,2022,2,MIN,G.Joseph,0,0,1,1,1,
2022_02_MIN_PHI,2022,2,PHI,J.Elliott,1,2,3,3,6,38.0
2022_02_NE_PIT,2022,2,NE,N.Folk,1,2,2,2,5,28.0
2022_02_NE_PIT,2022,2,PIT,C.Boswell,2,2,0,0,6,52.0
2022_02_NYJ_CLE,2022,2,CLE,C.York,1,1,3,4,6,22.0
2022_02_NYJ_CLE,2022,2,NYJ,G.Zuerlein,1,1,4,4,7,57.0
2022_02_SEA_SF,2022,2,SEA,J.Myers,0,0,1,1,1,
2022_02_SEA_SF,2022,2,SF,R.Gould,2,3,3,3,9,33.0
2022_02_TB_NO,2022,2,NO,W.Lutz,1,1,1,1,4,31.0
2022_02_TB_NO,2022,2,TB,R.Succop,2,2,2,2,8,47.0
2022_02_TEN_BUF,2022,2,BUF,T.Bass,2,2,5,5,11,49.0
2022_02_TEN_BUF,2022,2,TEN,R.Bullock,0,0,1,1,1,
2022_02_WAS_DET,2022,2,DET,A.Seibert,2,2,4,4,10,48.0
2022_02_WAS_DET,2022,2,WAS,J.Slye,0,0,1,2,1,
2022_03_ATL_SEA,2022,3,ATL,Y.Koo,2,2,3,3,9,54.0
2022_03_ATL_SEA,2022,3,SEA,J.Myers,3,3,2,2,11,32.0
2022_03_BAL_NE,2022,3,BAL,J.Tucker,1,1,4,5,7,56.0
2022_03_BAL_NE,2022,3,NE,N.Folk,2,2,2,2,8,50.0
2022_03_BUF_MIA,2022,3,BUF,T.Bass,1,2,2,2,5,30.0
2022_03_BUF_MIA,2022,3,MIA,J.Sanders,0,0,3,3,3,
2022_03_CIN_NYJ,2022,3,CIN,E.McPherson,2,3,3,3,9,43.0
2022_03_CIN_NYJ,2022,3,NYJ,G.Zuerlein,4,4,0,0,12,52.0
2022_03_DAL_NYG,2022,3,DAL,B.Maher,3,4,2,2,11,44.0
2022_03_DAL_NYG,2022,3,NYG,G.Gano,3,4,1,1,10,51.0
2022_03_DET_MIN,2022,3,DET,A.Seibert,1,3,3,3,6,40.0
2022_03_DET_MIN,2022,3,MIN,G.Joseph,0,2,4,4,4,
2022_03_GB_TB,2022,3,GB,M.Crosby,0,0,2,2,2,
2022_03_GB_TB,2022,3,TB,R.Succop,2,2,0,0,6,45.0
2022_03_HOU_CHI,2022,3,CHI,C.Santos,3,3,2,2,11,50.0
2022_03_HOU_CHI,2022,3,HOU,K.Fairbairn,2,2,2,2,8,39.0
2022_03_JAX_LAC,2022,3,JAX,R.Patterson,3,3,3,3,12,23.0
2022_03_JAX_LAC,2022,3,LAC,D.Hopkins,1,1,1,1,4,25.0
2022_03_KC_IND,2022,3,IND,C.McLaughlin,2,2,2,2,8,51.0
2022_03_KC_IND,2022,3,KC,M.Ammendola,1,2,0,1,3,26.0
2022_03_LA_ARI,2022,3,ARI,M.Prater,4,4,0,0,12,49.0
2022_03_LA_ARI,2022,3,LA,M.Gay,2,2,2,2,8,40.0
2022_03_LV_TEN,2022,3,LV,D.Carlson,3,3,1,1,10,35.0
2022_03_LV_TEN,2022,3,TEN,R.Bullock,1,1,3,3,6,48.0
2022_03_NO_CAR,2022,3,CAR,E.Pineiro,3,3,1,1,10,48.0
2022_03_NO_CAR,2022,3,NO,W.Lutz,0,2,2,2,2,
2022_03_PHI_WAS,2022,3,PHI,J.Elliott,1,1,3,3,6,32.0
2022_03_PIT_CLE,2022,3,CLE,C.York,1,1,2,3,5,34.0
2022_03_PIT_CLE,2022,3,PIT,C.Boswell,1,2,2,2,5,34.0
2022_03_SF_DEN,2022,3,DEN,B.McManus,1,2,0,0,3,55.0
2022_03_SF_DEN,2022,3,SF,R.Gould,1,1,1,1,4,51.0
2022_04_ARI_CAR,2022,4,ARI,M.Prater,2,2,2,2,8,39.0
2022_04_ARI_CAR,2022,4,CAR,E.Pineiro,1,1,1,1,4,54.0
2022_04_BUF_BAL,2022,4,BAL,J.Tucker,2,2,2,2,8,51.0
2022_04_BUF_BAL,2022,4,BUF,T.Bass,3,3,2,2,11,39.0
2022_04_CHI_NYG,2022,4,CHI,M.Badgley,4,4,0,0,12,40.0
2022_04_CHI_NYG,2022,4,NYG,G.Gano,2,3,2,2,8,44.0
2022_04_CLE_ATL,2022,4,ATL,Y.Koo,3,3,2,2,11,45.0
2022_04_CLE_ATL,2022,4,CLE,C.York,2,2,2,2,8,45.0
2022_04_DEN_LV,2022,4,DEN,B.McManus,1,1,2,3,5,28.0
2022_04_DEN_LV,2022,4,LV,D.Carlson,4,4,2,3,14,39.0
2022_04_JAX_PHI,2022,4,JAX,R.Patterson,0,0,3,3,3,
2022_04_JAX_PHI,2022,4,PHI,J.Elliott,1,1,2,3,5,28.0
2022_04_KC_TB,2022,4,KC,M.Wright,2,2,5,5,11,44.0
2022_04_KC_TB,2022,4,TB,R.Succop,1,1,4,4,7,45.0
2022_04_LAC_HOU,2022,4,HOU,K.Fairbairn,1,2,3,3,6,40.0
2022_04_LAC_HOU,2022,4,LAC,D.Hopkins,2,2,4,4,10,37.0
2022_04_LA_SF,2022,4,LA,M.Gay,3,3,0,0,9,39.0
2022_04_LA_SF,2022,4,SF,R.Gould,1,2,3,3,6,25.0
2022_04_MIA_CIN,2022,4,CIN,E.McPherson,2,2,3,3,9,57.0
2022_04_MIA_CIN,2022,4,MIA,J.Sanders,3,4,0,1,9,48.0
2022_04_MIN_NO,2022,4,MIN,G.Joseph,5,5,1,2,16,47.0
2022_04_MIN_NO,2022,4,NO,W.Lutz,1,2,2,2,5,60.0
2022_04_NE_GB,2022,4,GB,M.Crosby,2,2,3,3,9,38.0
2022_04_NE_GB,2022,4,NE,N.Folk,1,1,3,3,6,37.0
2022_04_NYJ_PIT,2022,4,NYJ,G.Zuerlein,1,1,3,3,6,38.0
2022_04_NYJ_PIT,2022,4,PIT,C.Boswell,2,2,2,2,8,59.0
2022_04_SEA_DET,2022,4,DET,D.Eberle,1,1,2,4,5,49.0
2022_04_SEA_DET,2022,4,SEA,J.Myers,2,3,6,6,12,56.0
2022_04_TEN_IND,2022,4,IND,C.McLaughlin,1,2,2,2,5,27.0
2022_04_TEN_IND,2022,4,TEN,R.Bullock,1,1,3,3,6,44.0
2022_04_WAS_DAL,2022,4,DAL,B.Maher,4,4,1,2,13,53.0
2022_04_WAS_DAL,2022,4,WAS,J.Slye,1,1,1,1,4,45.0
2022_05_ATL_TB,2022,5,ATL,Y.Koo,0,1,1,1,1,
2022_05_ATL_TB,2022,5,TB,R.Succop,2,2,1,1,7,44.0
2022_05_CHI_MIN,2022,5,CHI,C.Santos,3,3,1,1,10,51.0
2022_05_CHI_MIN,2022,5,MIN,G.Joseph,0,2,3,3,3,
2022_05_CIN_BAL,2022,5,BAL,J.Tucker,4,4,1,1,13,58.0
2022_05_CIN_BAL,2022,5,CIN,E.McPherson,1,1,2,2,5,40.0
2022_05_DAL_LA,2022,5,DAL,B.Maher,3,3,1,1,10,40.0
2022_05_DAL_LA,2022,5,LA,M.Gay,1,2,1,1,4,29.0
2022_05_DET_NE,2022,5,NE,N.Folk,5,5,2,2,17,44.0
2022_05_HOU_JAX,2022,5,HOU,K.Fairbairn,2,2,1,1,7,51.0
2022_05_HOU_JAX,2022,5,JAX,R.Patterson,2,2,0,0,6,45.0
2022_05_IND_DEN,2022,5,DEN,B.McManus,3,4,0,0,9,45.0
2022_05_IND_DEN,2022,5,IND,C.McLaughlin,4,4,0,0,12,52.0
2022_05_LAC_CLE,2022,5,CLE,C.York,0,2,4,4,4,
2022_05_LAC_CLE,2022,5,LAC,T.Bertolet,3,3,3,3,12,28.0
2022_05_LV_KC,2022,5,KC,M.Wright,1,2,3,3,6,59.0
2022_05_LV_KC,2022,5,LV,D.Carlson,3,3,2,2,11,53.0
2022_05_MIA_NYJ,2022,5,MIA,J.Sanders,1,2,2,2,5,46.0
2022_05_MIA_NYJ,2022,5,NYJ,G.Zuerlein,1,1,5,5,8,34.0
2022_05_NYG_GB,2022,5,GB,M.Crosby,2,2,2,2,8,48.0
2022_05_NYG_GB,2022,5,NYG,G.Gano,2,2,3,3,9,48.0
2022_05_PHI_ARI,2022,5,ARI,M.Ammendola,1,2,2,2,5,20.0
2022_05_PHI_ARI,2022,5,PHI,C.Dicker,2,2,2,2,8,42.0
2022_05_PIT_BUF,2022,5,BUF,T.Bass,1,2,5,5,8,35.0
2022_05_PIT_BUF,2022,5,PIT,C.Boswell,1,3,0,0,3,29.0
2022_05_SEA_NO,2022,5,NO,W.Lutz,1,1,4,4,7,56.0
2022_05_SEA_NO,2022,5,SEA,J.Myers,2,2,2,3,8,56.0
2022_05_SF_CAR,2022,5,CAR,E.Pineiro,3,4,0,0,9,43.0
2022_05_SF_CAR,2022,5,SF,M.Wishnowsky,0,0,1,2,1,
2022_05_SF_CAR,2022,5,SF,R.Gould,1,2,3,3,6,49.0
2022_05_TEN_WAS,2022,5,TEN,R.Bullock,0,0,3,3,3,
2022_05_TEN_WAS,2022,5,WAS,J.Slye,1,1,2,2,5,50.0
2022_06_ARI_SEA,2022,6,ARI,M.Ammendola,1,1,0,1,3,23.0
2022_06_ARI_SEA,2022,6,SEA,J.Myers,4,4,1,1,13,39.0
2022_06_BAL_NYG,2022,6,BAL,J.Tucker,2,3,2,2,8,34.0
2022_06_BAL_NYG,2022,6,NYG,G.Gano,1,1,3,3,6,34.0
2022_06_BUF_KC,2022,6,BUF,T.Bass,1,1,3,3,6,39.0
2022_06_BUF_KC,2022,6,KC,H.Butker,2,3,2,2,8,62.0
2022_06_CAR_LA,2022,6,CAR,E.Pineiro,1,1,1,1,4,42.0
2022_06_CAR_LA,2022,6,LA,M.Gay,1,1,3,3,6,21.0
2022_06_CIN_NO,2022,6,CIN,E.McPherson,1,1,3,3,6,52.0
2022_06_CIN_NO,2022,6,NO,W.Lutz,4,4,2,2,14,37.0
2022_06_DAL_PHI,2022,6,DAL,B.Maher,1,2,2,2,5,30.0
2022_06_DAL_PHI,2022,6,PHI,J.Elliott,2,2,2,2,8,51.0
2022_06_DEN_LAC,2022,6,DEN,B.McManus,3,3,1,1,10,51.0
2022_06_DEN_LAC,2022,6,LAC,D.Hopkins,4,4,1,1,13,39.0
2022_06_JAX_IND,2022,6,IND,C.McLaughlin,2,2,2,2,8,42.0
2022_06_JAX_IND,2022,6,JAX,R.Patterson,0,0,3,3,3,
2022_06_MIN_MIA,2022,6,MIA,J.Sanders,1,2,1,1,4,44.0
2022_06_MIN_MIA,2022,6,MIN,G.Joseph,1,1,1,2,4,34.0
2022_06_NE_CLE,2022,6,CLE,C.York,3,3,0,0,9,51.0
2022_06_NE_CLE,2022,6,NE,N.Folk,1,2,5,5,8,19.0
2022_06_NYJ_GB,2022,6,GB,M.Crosby,1,2,1,1,4,29.0
2022_06_NYJ_GB,2022,6,NYJ,G.Zuerlein,2,3,3,3,9,32.0
2022_06_SF_ATL,2022,6,ATL,Y.Koo,0,0,4,4,4,
2022_06_SF_ATL,2022,6,SF,R.Gould,0,0,2,2,2,
2022_06_TB_PIT,2022,6,PIT,C.Boswell,2,2,2,2,8,55.0
2022_06_TB_PIT,2022,6,TB,R.Succop,4,4,0,0,12,54.0
2022_06_WAS_CHI,2022,6,CHI,C.Santos,0,0,1,1,1,
2022_06_WAS_CHI,2022,6,WAS,J.Slye,2,3,0,0,6,38.0
2022_07_ATL_CIN,2022,7,ATL,Y.Koo,1,1,2,2,5,43.0
2022_07_ATL_CIN,2022,7,CIN,E.McPherson,0,0,5,5,5,
2022_07_CHI_NE,2022,7,CHI,C.Santos,4,4,3,3,15,50.0
2022_07_CHI_NE,2022,7,NE,N.Folk,0,0,2,2,2,
2022_07_CLE_BAL,2022,7,BAL,J.Tucker,3,3,2,2,11,55.0
2022_07_CLE_BAL,2022,7,CLE,C.York,2,3,2,2,8,41.0
2022_07_DET_DAL,2022,7,DAL,B.Maher,1,1,3,3,6,22.0
2022_07_DET_DAL,2022,7,DET,M.Badgley,2,2,0,0,6,53.0
2022_07_GB_WAS,2022,7,GB,M.Crosby,0,0,3,3,3,
2022_07_GB_WAS,2022,7,WAS,J.Slye,3,4,2,2,11,31.0
2022_07_HOU_LV,2022,7,HOU,K.Fairbairn,2,3,2,2,8,55.0
2022_07_HOU_LV,2022,7,LV,D.Carlson,1,1,5,5,8,50.0
2022_07_IND_TEN,2022,7,IND,C.McLaughlin,1,1,1,1,4,50.0
2022_07_IND_TEN,2022,7,TEN,R.Bullock,4,4,1,1,13,48.0
2022_07_KC_SF,2022,7,KC,H.Butker,0,1,6,6,6,
2022_07_KC_SF,2022,7,SF,R.Gould,3,3,2,2,11,50.0
2022_07_NO_ARI,2022,7,ARI,R.Blankenship,2,2,2,3,8,50.0
2022_07_NO_ARI,2022,7,NO,W.Lutz,2,2,4,4,10,45.0
2022_07_NYG_JAX,2022,7,JAX,R.Patterson,1,1,0,1,3,27.0
2022_07_NYG_JAX,2022,7,NYG,G.Gano,3,3,2,2,11,34.0
2022_07_NYJ_DEN,2022,7,DEN,B.McManus,1,2,0,1,3,44.0
2022_07_NYJ_DEN,2022,7,NYJ,G.Zuerlein,3,3,1,1,10,45.0
2022_07_PIT_MIA,2022,7,MIA,J.Sanders,3,3,1,1,10,47.0
2022_07_PIT_MIA,2022,7,PIT,C.Boswell,1,1,1,1,4,45.0
2022_07_SEA_LAC,2022,7,LAC,T.Bertolet,0,0,3,3,3,
2022_07_SEA_LAC,2022,7,SEA,J.Myers,3,3,4,4,13,50.0
2022_07_TB_CAR,2022,7,CAR,E.Pineiro,0,0,3,3,3,
2022_07_TB_CAR,2022,7,TB,R.Succop,1,1,0,0,3,27.0
2022_08_ARI_MIN,2022,8,ARI,M.Prater,2,2,2,2,8,44.0
2022_08_ARI_MIN,2022,8,MIN,G.Joseph,0,1,4,5,4,
2022_08_BAL_TB,2022,8,BAL,J.Tucker,2,3,3,3,9,30.0
2022_08_BAL_TB,2022,8,TB,R.Succop,3,3,1,1,10,31.0
2022_08_CAR_ATL,2022,8,ATL,Y.Koo,3,3,4,4,13,41.0
2022_08_CAR_ATL,2022,8,CAR,E.Pineiro,2,3,2,3,8,42.0
2022_08_CHI_DAL,2022,8,CHI,C.Santos,1,1,2,2,5,36.0
2022_08_CHI_DAL,2022,8,DAL,B.Maher,0,0,7,7,7,
2022_08_CIN_CLE,2022,8,CIN,E.McPherson,0,1,1,2,1,
2022_08_CIN_CLE,2022,8,CLE,C.York,1,2,3,3,6,55.0
2022_08_DEN_JAX,2022,8,DEN,B.McManus,0,0,3,3,3,
2022_08_DEN_JAX,2022,8,JAX,R.Patterson,1,1,2,2,5,37.0
2022_08_GB_BUF,2022,8,BUF,T.Bass,2,2,3,3,9,42.0
2022_08_GB_BUF,2022,8,GB,M.Crosby,1,2,2,2,5,38.0
2022_08_LV_NO,2022,8,NO,W.Lutz,1,2,3,3,6,37.0
2022_08_MIA_DET,2022,8,DET,M.Badgley,2,2,3,3,9,42.0
2022_08_MIA_DET,2022,8,MIA,J.Sanders,1,1,4,4,7,45.0
2022_08_NE_NYJ,2022,8,NE,N.Folk,5,5,1,1,16,52.0
2022_08_NE_NYJ,2022,8,NYJ,G.Zuerlein,1,2,2,2,5,28.0
2022_08_NYG_SEA,2022,8,NYG,G.Gano,2,2,1,1,7,45.0
2022_08_NYG_SEA,2022,8,SEA,J.Myers,2,2,3,3,9,51.0
2022_08_PIT_PHI,2022,8,PHI,J.Elliott,0,0,5,5,5,
2022_08_PIT_PHI,2022,8,PIT,N.Sciba,2,2,1,1,7,38.0
2022_08_SF_LA,2022,8,LA,M.Gay,0,0,2,2,2,
2022_08_SF_LA,2022,8,SF,R.Gould,1,1,4,4,7,29.0
2022_08_TEN_HOU,2022,8,HOU,K.Fairbairn,1,1,1,1,4,43.0
2022_08_TEN_HOU,2022,8,TEN,R.Bullock,1,2,2,2,5,29.0
2022_08_WAS_IND,2022,8,IND,C.McLaughlin,3,3,1,1,10,46.0
2022_08_WAS_IND,2022,8,WAS,J.Slye,1,1,2,2,5,28.0
2022_09_BAL_NO,2022,9,BAL,J.Tucker,2,2,3,3,9,41.0
2022_09_BAL_NO,2022,9,NO,W.Lutz,2,2,1,1,7,37.0
2022_09_BUF_NYJ,2022,9,BUF,T.Bass,1,2,2,2,5,51.0
2022_09_BUF_NYJ,2022,9,NYJ,G.Zuerlein,2,2,2,2,8,53.0
2022_09_CAR_CIN,2022,9,CAR,E.Pineiro,0,0,3,3,3,
2022_09_CAR_CIN,2022,9,CIN,E.McPherson,0,1,6,6,6,
2022_09_GB_DET,2022,9,DET,M.Badgley,0,0,1,1,1,
2022_09_GB_DET,2022,9,GB,M.Crosby,1,1,0,0,3,25.0
2022_09_IND_NE,2022,9,IND,C.McLaughlin,1,2,0,0,3,40.0
2022_09_IND_NE,2022,9,NE,N.Folk,4,4,2,2,14,49.0
2022_09_LAC_ATL,2022,9,ATL,Y.Koo,1,2,2,2,5,29.0
2022_09_LAC_ATL,2022,9,LAC,C.Dicker,2,2,2,2,8,37.0
2022_09_LA_TB,2022,9,LA,M.Gay,2,2,1,1,7,35.0
2022_09_LA_TB,2022,9,TB,R.Succop,3,4,1,1,10,50.0
2022_09_LV_JAX,2022,9,JAX,R.Patterson,2,3,3,3,9,48.0
2022_09_LV_JAX,2022,9,LV,D.Carlson,2,2,2,2,8,38.0
2022_09_MIA_CHI,2022,9,CHI,C.Santos,1,1,3,3,6,32.0
2022_09_MIA_CHI,2022,9,MIA,J.Sanders,0,1,5,5,5,
2022_09_MIN_WAS,2022,9,MIN,G.Joseph,2,2,2,2,8,28.0
2022_09_MIN_WAS,2022,9,WAS,J.Slye,1,1,2,2,5,44.0
2022_09_PHI_HOU,2022,9,HOU,K.Fairbairn,1,1,2,2,5,30.0
2022_09_PHI_HOU,2022,9,PHI,J.Elliott,0,1,3,3,3,
2022_09_SEA_ARI,2022,9,ARI,M.Prater,0,0,3,3,3,
2022_09_SEA_ARI,2022,9,SEA,J.Myers,1,1,4,4,7,49.0
2022_09_TEN_KC,2022,9,KC,H.Butker,2,3,0,1,6,28.0
2022_09_TEN_KC,2022,9,TEN,R.Bullock,1,1,2,2,5,44.0
2022_10_ARI_LA,2022,10,ARI,T.Vizcaino,2,2,3,3,9,46.0
2022_10_ARI_LA,2022,10,LA,M.Gay,1,1,2,2,5,36.0
2022_10_ATL_CAR,2022,10,ATL,Y.Koo,1,1,0,2,3,33.0
2022_10_ATL_CAR,2022,10,CAR,E.Pineiro,4,4,1,2,13,49.0
2022_10_CLE_MIA,2022,10,CLE,C.York,1,1,2,2,5,37.0
2022_10_CLE_MIA,2022,10,MIA,J.Sanders,2,2,3,5,9,39.0
2022_10_DAL_GB,2022,10,DAL,B.Maher,0,0,4,4,4,
2022_10_DAL_GB,2022,10,GB,M.Crosby,1,2,4,4,7,28.0
2022_10_DEN_TEN,2022,10,DEN,B.McManus,1,1,1,1,4,39.0
2022_10_DEN_TEN,2022,10,TEN,R.Bullock,1,1,2,2,5,35.0
2022_10_DET_CHI,2022,10,CHI,C.Santos,1,1,3,4,6,33.0
2022_10_DET_CHI,2022,10,DET,M.Badgley,1,1,4,4,7,25.0
2022_10_HOU_NYG,2022,10,HOU,K.Fairbairn,3,3,1,1,10,46.0
2022_10_HOU_NYG,2022,10,NYG,G.Gano,1,1,3,3,6,49.0
2022_10_IND_LV,2022,10,IND,C.McLaughlin,2,3,1,1,7,48.0
2022_10_IND_LV,2022,10,LV,D.Carlson,0,0,2,2,2,
2022_10_JAX_KC,2022,10,JAX,R.Patterson,1,3,2,2,5,35.0
2022_10_JAX_KC,2022,10,KC,H.Butker,0,0,3,4,3,
2022_10_LAC_SF,2022,10,LAC,C.Dicker,3,3,1,1,10,47.0
2022_10_LAC_SF,2022,10,SF,R.Gould,3,3,1,2,10,26.0
2022_10_MIN_BUF,2022,10,BUF,T.Bass,3,3,3,3,12,45.0
2022_10_MIN_BUF,2022,10,MIN,G.Joseph,2,2,3,4,9,33.0
2022_10_NO_PIT,2022,10,NO,W.Lutz,1,1,1,1,4,44.0
2022_10_NO_PIT,2022,10,PIT,M.Wright,2,4,2,2,8,33.0
2022_10_SEA_TB,2022,10,SEA,J.Myers,1,1,1,1,4,55.0
2022_10_SEA_TB,2022,10,TB,R.Succop,0,1,3,3,3,
2022_10_WAS_PHI,2022,10,PHI,J.Elliott,0,0,3,3,3,
2022_10_WAS_PHI,2022,10,WAS,J.Slye,4,4,2,2,14,58.0
2022_11_CAR_BAL,2022,11,BAL,J.Tucker,2,2,1,1,7,37.0
2022_11_CAR_BAL,2022,11,CAR,E.Pineiro,1,1,0,0,3,32.0
2022_11_CHI_ATL,2022,11,ATL,Y.Koo,2,2,3,3,9,53.0
2022_11_CHI_ATL,2022,11,CHI,C.Santos,1,2,3,3,6,41.0
2022_11_CIN_PIT,2022,11,CIN,E.McPherson,3,3,4,4,13,54.0
2022_11_CIN_PIT,2022,11,PIT,M.Wright,3,3,3,3,12,42.0
2022_11_CLE_BUF,2022,11,BUF,T.Bass,6,6,1,1,19,56.0
2022_11_CLE_BUF,2022,11,CLE,C.York,1,2,2,2,5,32.0
2022_11_DAL_MIN,2022,11,DAL,B.Maher,4,4,4,4,16,60.0
2022_11_DAL_MIN,2022,11,MIN,G.Joseph,1,1,0,0,3,25.0
2022_11_DET_NYG,2022,11,DET,M.Badgley,1,1,4,4,7,24.0
2022_11_DET_NYG,2022,11,NYG,G.Gano,0,0,0,2,0,
2022_11_KC_LAC,2022,11,KC,H.Butker,3,3,3,3,12,52.0
2022_11_KC_LAC,2022,11,LAC,C.Dicker,2,2,3,3,9,46.0
2022_11_LA_NO,2022,11,LA,M.Gay,2,2,2,2,8,58.0
2022_11_LA_NO,2022,11,NO,W.Lutz,2,2,3,3,9,46.0
2022_11_LV_DEN,2022,11,DEN,B.McManus,3,4,1,1,10,52.0
2022_11_LV_DEN,2022,11,LV,D.Carlson,3,4,1,1,10,57.0
2022_11_NYJ_NE,2022,11,NE,N.Folk,1,3,1,1,4,24.0
2022_11_NYJ_NE,2022,11,NYJ,G.Zuerlein,1,1,0,0,3,45.0
2022_11_PHI_IND,2022,11,IND,C.McLaughlin,3,4,1,1,10,51.0
2022_11_PHI_IND,2022,11,PHI,J.Elliott,1,1,2,2,5,22.0
2022_11_SF_ARI,2022,11,ARI,M.Prater,1,1,1,1,4,40.0
2022_11_SF_ARI,2022,11,SF,R.Gould,1,1,5,5,8,39.0
2022_11_TEN_GB,2022,11,GB,M.Crosby,1,1,0,1,3,39.0
2022_11_TEN_GB,2022,11,TEN,J.Lambo,0,0,3,4,3,
2022_11_WAS_HOU,2022,11,HOU,K.Fairbairn,1,1,1,1,4,29.0
2022_11_WAS_HOU,2022,11,WAS,J.Slye,3,3,2,2,11,44.0
2022_12_ATL_WAS,2022,12,ATL,Y.Koo,2,3,1,1,7,48.0
2022_12_ATL_WAS,2022,12,WAS,J.Slye,2,2,1,2,7,45.0
2022_12_BAL_JAX,2022,12,BAL,J.Tucker,4,5,1,1,13,55.0
2022_12_BAL_JAX,2022,12,JAX,R.Patterson,2,2,2,2,8,29.0
2022_12_BUF_DET,2022,12,BUF,T.Bass,2,2,2,3,8,47.0
2022_12_BUF_DET,2022,12,DET,M.Badgley,1,2,2,2,5,51.0
2022_12_CHI_NYJ,2022,12,CHI,C.Santos,1,1,1,1,4,22.0
2022_12_CHI_NYJ,2022,12,NYJ,G.Zuerlein,1,2,4,4,7,57.0
2022_12_CIN_TEN,2022,12,CIN,E.McPherson,2,2,2,2,8,47.0
2022_12_CIN_TEN,2022,12,TEN,C.Shudak,3,4,1,1,10,38.0
2022_12_DEN_CAR,2022,12,CAR,E.Pineiro,3,3,2,2,11,42.0
2022_12_DEN_CAR,2022,12,DEN,B.McManus,1,2,1,1,4,27.0
2022_12_GB_PHI,2022,12,GB,M.Crosby,2,2,3,4,9,33.0
2022_12_GB_PHI,2022,12,PHI,J.Elliott,2,2,4,5,10,54.0
2022_12_HOU_MIA,2022,12,HOU,K.Fairbairn,1,1,0,0,3,28.0
2022_12_HOU_MIA,2022,12,MIA,J.Sanders,3,3,3,3,12,45.0
2022_12_LAC_ARI,2022,12,ARI,M.Prater,1,2,3,3,6,43.0
2022_12_LAC_ARI,2022,12,LAC,C.Dicker,1,1,2,2,5,26.0
2022_12_LA_KC,2022,12,KC,H.Butker,4,4,2,2,14,32.0
2022_12_LA_KC,2022,12,LA,M.Gay,1,1,1,1,4,47.0
2022_12_LV_SEA,2022,12,LV,D.Carlson,2,3,4,4,10,36.0
2022_12_LV_SEA,2022,12,SEA,J.Myers,2,2,4,4,10,34.0
2022_12_NE_MIN,2022,12,MIN,G.Joseph,2,2,3,4,9,36.0
2022_12_NE_MIN,2022,12,NE,N.Folk,4,4,2,2,14,46.0
2022_12_NO_SF,2022,12,NO,W.Lutz,0,1,0,0,0,
2022_12_NO_SF,2022,12,SF,R.Gould,2,2,1,1,7,46.0
2022_12_NYG_DAL,2022,12,DAL,B.Maher,0,1,4,4,4,
2022_12_NYG_DAL,2022,12,NYG,G.Gano,2,2,2,2,8,57.0
2022_12_PIT_IND,2022,12,IND,C.McLaughlin,1,2,2,2,5,51.0
2022_12_PIT_IND,2022,12,PIT,M.Wright,3,3,1,1,10,52.0
2022_12_TB_CLE,2022,12,CLE,C.York,1,2,2,2,5,51.0
2022_12_TB_CLE,2022,12,TB,R.Succop,1,1,2,2,5,42.0
2022_13_BUF_NE,2022,13,BUF,T.Bass,1,1,3,3,6,48.0
2022_13_BUF_NE,2022,13,NE,N.Folk,1,2,1,1,4,39.0
2022_13_CLE_HOU,2022,13,CLE,C.York,2,2,3,3,9,43.0
2022_13_CLE_HOU,2022,13,HOU,K.Fairbairn,2,2,0,0,6,44.0
2022_13_DEN_BAL,2022,13,BAL,J.Tucker,1,1,1,1,4,26.0
2022_13_DEN_BAL,2022,13,DEN,B.McManus,3,4,0,0,9,52.0
2022_13_GB_CHI,2022,13,CHI,C.Santos,2,3,1,2,7,40.0
2022_13_GB_CHI,2022,13,GB,M.Crosby,2,2,2,2,8,32.0
2022_13_IND_DAL,2022,13,DAL,B.Maher,0,0,6,7,6,
2022_13_IND_DAL,2022,13,IND,C.McLaughlin,2,2,1,1,7,52.0
2022_13_JAX_DET,2022,13,DET,M.Badgley,4,4,4,4,16,47.0
2022_13_JAX_DET,2022,13,JAX,R.Patterson,2,2,0,0,6,42.0
2022_13_KC_CIN,2022,13,CIN,E.McPherson,2,2,3,3,9,41.0
2022_13_KC_CIN,2022,13,KC,H.Butker,1,2,3,3,6,26.0
2022_13_LAC_LV,2022,13,LAC,C.Dicker,2,3,2,2,8,37.0
2022_13_LAC_LV,2022,13,LV,D.Carlson,2,3,3,3,9,55.0
2022_13_MIA_SF,2022,13,MIA,J.Sanders,1,1,2,2,5,43.0
2022_13_MIA_SF,2022,13,SF,R.Gould,4,4,3,3,15,48.0
2022_13_NO_TB,2022,13,NO,W.Lutz,3,3,1,1,10,38.0
2022_13_NO_TB,2022,13,TB,R.Succop,1,1,2,2,5,21.0
2022_13_NYJ_MIN,2022,13,MIN,G.Joseph,2,2,3,3,9,51.0
2022_13_NYJ_MIN,2022,13,NYJ,G.Zuerlein,5,5,1,1,16,60.0
2022_13_PIT_ATL,2022,13,ATL,Y.Koo,3,3,1,1,10,51.0
2022_13_PIT_ATL,2022,13,PIT,M.Wright,4,4,1,1,13,48.0
2022_13_SEA_LA,2022,13,LA,M.Gay,3,3,2,2,11,54.0
2022_13_SEA_LA,2022,13,SEA,J.Myers,2,2,3,3,9,41.0
2022_13_TEN_PHI,2022,13,PHI,J.Elliott,0,0,5,5,5,
2022_13_TEN_PHI,2022,13,TEN,R.Bullock,1,1,1,1,4,36.0
2022_13_WAS_NYG,2022,13,NYG,G.Gano,2,3,2,2,8,48.0
2022_13_WAS_NYG,2022,13,WAS,J.Slye,2,3,2,2,8,42.0
2022_14_BAL_PIT,2022,14,BAL,J.Tucker,3,3,1,1,10,42.0
2022_14_BAL_PIT,2022,14,PIT,C.Boswell,0,1,2,2,2,
2022_14_CAR_SEA,2022,14,CAR,E.Pineiro,3,3,3,3,12,47.0
2022_14_CAR_SEA,2022,14,SEA,J.Myers,1,1,3,3,6,27.0
2022_14_CLE_CIN,2022,14,CIN,E.McPherson,1,1,2,3,5,30.0
2022_14_CLE_CIN,2022,14,CLE,C.York,1,1,1,1,4,26.0
2022_14_HOU_DAL,2022,14,DAL,B.Maher,2,2,3,3,9,53.0
2022_14_HOU_DAL,2022,14,HOU,K.Fairbairn,3,3,2,2,11,54.0
2022_14_JAX_TEN,2022,14,JAX,R.Patterson,3,3,3,3,12,43.0
2022_14_JAX_TEN,2022,14,TEN,R.Bullock,0,0,2,2,2,
2022_14_KC_DEN,2022,14,DEN,B.McManus,0,0,4,4,4,
2022_14_KC_DEN,2022,14,KC,H.Butker,2,2,4,4,10,45.0
2022_14_LV_LA,2022,14,LA,M.Gay,1,2,2,2,5,55.0
2022_14_LV_LA,2022,14,LV,D.Carlson,3,3,1,1,10,52.0
2022_14_MIA_LAC,2022,14,LAC,C.Dicker,3,3,2,2,11,33.0
2022_14_MIA_LAC,2022,14,MIA,J.Sanders,1,1,2,2,5,55.0
2022_14_MIN_DET,2022,14,DET,M.Badgley,2,3,4,4,10,49.0
2022_14_MIN_DET,2022,14,MIN,G.Joseph,1,1,2,2,5,41.0
2022_14_NE_ARI,2022,14,ARI,M.Prater,2,3,1,1,7,33.0
2022_14_NE_ARI,2022,14,NE,N.Folk,2,2,3,3,9,51.0
2022_14_NYJ_BUF,2022,14,BUF,T.Bass,2,2,2,2,8,49.0
2022_14_NYJ_BUF,2022,14,NYJ,G.Zuerlein,1,1,1,1,4,26.0
2022_14_PHI_NYG,2022,14,NYG,G.Gano,0,0,2,2,2,
2022_14_PHI_NYG,2022,14,PHI,J.Elliott,2,2,6,6,12,39.0
2022_14_TB_SF,2022,14,SF,R.Gould,0,0,5,5,5,
2022_14_TB_SF,2022,14,TB,R.Succop,0,1,1,1,1,
2022_15_ARI_DEN,2022,15,ARI,M.Prater,3,3,0,0,9,55.0
2022_15_ARI_DEN,2022,15,DEN,B.McManus,1,2,3,3,6,52.0
2022_15_ATL_NO,2022,15,ATL,Y.Koo,1,1,1,1,4,28.0
2022_15_ATL_NO,2022,15,NO,W.Lutz,0,0,3,3,3,
2022_15_BAL_CLE,2022,15,BAL,J.Tucker,1,3,0,0,3,53.0
2022_15_BAL_CLE,2022,15,CLE,C.York,2,4,1,1,7,47.0
2022_15_CIN_TB,2022,15,CIN,E.McPherson,2,2,2,2,8,41.0
2022_15_CIN_TB,2022,15,TB,R.Succop,1,2,2,2,5,21.0
2022_15_DAL_JAX,2022,15,DAL,B.Maher,2,2,4,4,10,53.0
2022_15_DAL_JAX,2022,15,JAX,R.Patterson,2,2,4,4,10,48.0
2022_15_DET_NYJ,2022,15,DET,M.Badgley,2,3,2,2,8,34.0
2022_15_DET_NYJ,2022,15,NYJ,G.Zuerlein,1,2,2,2,5,34.0
2022_15_IND_MIN,2022,15,IND,C.McLaughlin,5,5,3,3,18,52.0
2022_15_IND_MIN,2022,15,MIN,G.Joseph,1,1,4,4,7,40.0
2022_15_KC_HOU,2022,15,HOU,K.Fairbairn,1,1,3,3,6,29.0
2022_15_KC_HOU,2022,15,KC,H.Butker,1,2,1,2,4,27.0
2022_15_LA_GB,2022,15,GB,M.Crosby,1,1,3,3,6,34.0
2022_15_LA_GB,2022,15,LA,M.Gay,2,2,0,1,6,55.0
2022_15_MIA_BUF,2022,15,BUF,T.Bass,1,1,3,3,6,25.0
2022_15_MIA_BUF,2022,15,MIA,J.Sanders,3,3,2,2,11,47.0
2022_15_NE_LV,2022,15,LV,D.Carlson,1,1,3,3,6,49.0
2022_15_NE_LV,2022,15,NE,N.Folk,3,3,1,1,10,54.0
2022_15_NYG_WAS,2022,15,NYG,G.Gano,2,2,2,2,8,50.0
2022_15_NYG_WAS,2022,15,WAS,J.Slye,2,2,0,1,6,51.0
2022_15_PHI_CHI,2022,15,CHI,C.Santos,0,0,2,3,2,
2022_15_PHI_CHI,2022,15,PHI,J.Elliott,1,2,2,2,5,32.0
2022_15_PIT_CAR,2022,15,CAR,E.Pineiro,3,3,1,1,10,52.0
2022_15_PIT_CAR,2022,15,PIT,C.Boswell,1,1,3,3,6,50.0
2022_15_SF_SEA,2022,15,SEA,J.Myers,2,2,1,1,7,51.0
2022_15_SF_SEA,2022,15,SF,R.Gould,0,1,3,3,3,
2022_15_TEN_LAC,2022,15,LAC,C.Dicker,1,1,2,2,5,43.0
2022_15_TEN_LAC,2022,15,TEN,R.Bullock,0,1,2,2,2,
2022_16_ATL_BAL,2022,16,ATL,Y.Koo,3,3,0,0,9,37.0
2022_16_ATL_BAL,2022,16,BAL,J.Tucker,3,4,0,0,9,27.0
2022_16_BUF_CHI,2022,16,BUF,T.Bass,0,1,3,4,3,
2022_16_BUF_CHI,2022,16,CHI,C.Santos,2,2,1,1,7,37.0
2022_16_CIN_NE,2022,16,CIN,E.McPherson,1,2,1,2,4,28.0
2022_16_CIN_NE,2022,16,NE,N.Folk,0,0,0,2,0,
2022_16_DEN_LA,2022,16,DEN,B.McManus,2,2,0,0,6,54.0
2022_16_DEN_LA,2022,16,LA,M.Gay,3,3,6,6,15,55.0
2022_16_DET_CAR,2022,16,CAR,E.Pineiro,3,3,4,4,13,40.0
2022_16_DET_CAR,2022,16,DET,M.Badgley,1,1,2,2,5,34.0
2022_16_GB_MIA,2022,16,GB,M.Crosby,4,4,2,2,14,46.0
2022_16_GB_MIA,2022,16,MIA,J.Sanders,2,3,2,2,8,46.0
2022_16_HOU_TEN,2022,16,HOU,K.Fairbairn,2,2,1,1,7,25.0
2022_16_HOU_TEN,2022,16,TEN,R.Bullock,0,0,2,2,2,
2022_16_JAX_NYJ,2022,16,JAX,R.Patterson,4,5,1,1,13,45.0
2022_16_JAX_NYJ,2022,16,NYJ,G.Zuerlein,1,1,0,0,3,37.0
2022_16_LAC_IND,2022,16,IND,C.McLaughlin,1,1,0,0,3,46.0
2022_16_LAC_IND,2022,16,LAC,C.Dicker,2,2,2,2,8,24.0
2022_16_LV_PIT,2022,16,LV,D.Carlson,1,1,1,1,4,40.0
2022_16_LV_PIT,2022,16,PIT,C.Boswell,2,4,1,1,7,44.0
2022_16_NO_CLE,2022,16,CLE,C.York,1,1,1,1,4,30.0
2022_16_NO_CLE,2022,16,NO,W.Lutz,1,1,2,2,5,23.0
2022_16_NYG_MIN,2022,16,MIN,G.Joseph,2,2,3,3,9,61.0
2022_16_NYG_MIN,2022,16,NYG,G.Gano,3,3,1,1,10,55.0
2022_16_PHI_DAL,2022,16,DAL,B.Maher,4,4,4,4,16,48.0
2022_16_PHI_DAL,2022,16,PHI,J.Elliott,2,2,4,4,10,47.0
2022_16_SEA_KC,2022,16,KC,H.Butker,1,1,3,3,6,47.0
2022_16_SEA_KC,2022,16,SEA,J.Myers,1,1,1,1,4,22.0
2022_16_TB_ARI,2022,16,ARI,M.Prater,3,3,1,1,10,56.0
2022_16_TB_ARI,2022,16,TB,R.Succop,4,4,1,1,13,42.0
2022_16_WAS_SF,2022,16,SF,R.Gould,3,3,4,4,13,35.0
2022_16_WAS_SF,2022,16,WAS,J.Slye,0,0,2,2,2,
2022_17_ARI_ATL,2022,17,ARI,M.Prater,4,5,1,1,13,57.0
2022_17_ARI_ATL,2022,17,ATL,Y.Koo,2,2,2,2,8,27.0
2022_17_CAR_TB,2022,17,CAR,E.Pineiro,1,1,3,3,6,49.0
2022_17_CAR_TB,2022,17,TB,R.Succop,1,3,1,2,4,22.0
2022_17_CHI_DET,2022,17,CHI,C.Santos,1,1,1,1,4,23.0
2022_17_CHI_DET,2022,17,DET,M.Badgley,2,2,5,5,11,41.0
2022_17_CLE_WAS,2022,17,CLE,C.York,1,1,3,3,6,37.0
2022_17_CLE_WAS,2022,17,WAS,J.Slye,1,1,1,1,4,43.0
2022_17_DAL_TEN,2022,17,DAL,B.Maher,2,2,3,3,9,45.0
2022_17_DAL_TEN,2022,17,TEN,R.Bullock,2,2,1,1,7,37.0
2022_17_DEN_KC,2022,17,DEN,B.McManus,1,1,3,3,6,49.0
2022_17_DEN_KC,2022,17,KC,H.Butker,0,1,3,3,3,
2022_17_IND_NYG,2022,17,IND,C.McLaughlin,1,2,1,1,4,23.0
2022_17_IND_NYG,2022,17,NYG,G.Gano,1,1,5,5,8,36.0
2022_17_JAX_HOU,2022,17,HOU,K.Fairbairn,1,1,0,0,3,56.0
2022_17_JAX_HOU,2022,17,JAX,R.Patterson,1,1,4,4,7,53.0
2022_17_LA_LAC,2022,17,LA,M.Gay,1,1,1,1,4,23.0
2022_17_LA_LAC,2022,17,LAC,C.Dicker,1,1,4,4,7,40.0
2022_17_MIA_NE,2022,17,MIA,J.Sanders,0,1,3,3,3,
2022_17_MIA_NE,2022,17,NE,N.Folk,1,1,2,3,5,49.0
2022_17_MIN_GB,2022,17,GB,M.Crosby,2,2,5,5,11,56.0
2022_17_MIN_GB,2022,17,MIN,G.Joseph,1,3,2,2,5,21.0
2022_17_NO_PHI,2022,17,NO,W.Lutz,2,2,2,2,8,54.0
2022_17_NO_PHI,2022,17,PHI,J.Elliott,1,1,1,1,4,56.0
2022_17_NYJ_SEA,2022,17,NYJ,G.Zuerlein,2,3,0,0,6,44.0
2022_17_NYJ_SEA,2022,17,SEA,J.Myers,3,4,2,2,11,31.0
2022_17_PIT_BAL,2022,17,BAL,J.Tucker,2,2,1,1,7,51.0
2022_17_PIT_BAL,2022,17,PIT,C.Boswell,3,4,1,1,10,51.0
2022_17_SF_LV,2022,17,LV,D.Carlson,2,2,4,4,10,57.0
2022_17_SF_LV,2022,17,SF,R.Gould,3,4,4,4,13,43.0
2022_18_ARI_SF,2022,18,ARI,M.Prater,0,0,1,2,1,
2022_18_ARI_SF,2022,18,SF,R.Gould,1,1,5,5,8,27.0
2022_18_BAL_CIN,2022,18,BAL,J.Tucker,3,3,1,1,10,51.0
2022_18_BAL_CIN,2022,18,CIN,E.McPherson,2,2,3,3,9,34.0
2022_18_CAR_NO,2022,18,CAR,E.Pineiro,1,1,1,1,4,42.0
2022_18_CAR_NO,2022,18,NO,W.Lutz,0,2,1,1,1,
2022_18_CLE_PIT,2022,18,CLE,C.York,0,0,2,2,2,
2022_18_CLE_PIT,2022,18,PIT,C.Boswell,2,2,2,2,8,49.0
2022_18_DAL_WAS,2022,18,DAL,B.Maher,0,0,0,1,0,
2022_18_DAL_WAS,2022,18,WAS,J.Slye,2,4,2,3,8,29.0
2022_18_DET_GB,2022,18,DET,M.Badgley,2,3,2,2,8,37.0
2022_18_DET_GB,2022,18,GB,M.Crosby,3,4,1,1,10,49.0
2022_18_HOU_IND,2022,18,HOU,K.Fairbairn,1,1,3,3,6,37.0
2022_18_HOU_IND,2022,18,IND,C.McLaughlin,1,1,4,4,7,54.0
2022_18_KC_LV,2022,18,KC,H.Butker,1,1,4,4,7,44.0
2022_18_KC_LV,2022,18,LV,D.Carlson,2,2,1,1,7,54.0
2022_18_LAC_DEN,2022,18,DEN,B.McManus,1,1,4,4,7,33.0
2022_18_LAC_DEN,2022,18,LAC,C.Dicker,2,2,2,2,8,48.0
2022_18_LA_SEA,2022,18,LA,M.Gay,3,3,1,1,10,45.0
2022_18_LA_SEA,2022,18,SEA,J.Myers,4,5,1,1,13,37.0
2022_18_MIN_CHI,2022,18,CHI,C.Santos,0,0,1,1,1,
2022_18_MIN_CHI,2022,18,MIN,G.Joseph,3,3,2,3,11,50.0
2022_18_NE_BUF,2022,18,BUF,T.Bass,0,0,5,5,5,
2022_18_NE_BUF,2022,18,NE,N.Folk,1,1,2,2,5,24.0
2022_18_NYG_PHI,2022,18,NYG,G.Gano,1,1,1,1,4,24.0
2022_18_NYG_PHI,2022,18,PHI,J.Elliott,5,5,1,1,16,54.0
2022_18_NYJ_MIA,2022,18,MIA,J.Sanders,3,3,0,0,9,50.0
2022_18_NYJ_MIA,2022,18,NYJ,G.Zuerlein,2,3,0,0,6,35.0
2022_18_TB_ATL,2022,18,ATL,Y.Koo,3,3,3,3,12,51.0
2022_18_TB_ATL,2022,18,TB,R.Succop,1,1,2,2,5,41.0
2022_18_TEN_JAX,2022,18,JAX,R.Patterson,2,2,2,2,8,36.0
2022_18_TEN_JAX,2022,18,TEN,R.Bullock,3,3,1,1,10,51.0
2023_01_ARI_WAS,2023,1,ARI,M.Prater,3,3,1,1,10,54.0
2023_01_ARI_WAS,2023,1,WAS,J.Slye,2,2,2,2,8,33.0
2023_01_BUF_NYJ,2023,1,BUF,T.Bass,3,3,1,1,10,50.0
2023_01_BUF_NYJ,2023,1,NYJ,G.Zuerlein,3,3,1,1,10,43.0
2023_01_CAR_ATL,2023,1,ATL,Y.Koo,1,1,3,3,6,49.0
2023_01_CAR_ATL,2023,1,CAR,E.Pineiro,1,1,1,1,4,43.0
2023_01_CIN_CLE,2023,1,CIN,E.McPherson,1,2,0,0,3,42.0
2023_01_CIN_CLE,2023,1,CLE,D.Hopkins,3,3,1,1,10,43.0
2023_01_DAL_NYG,2023,1,DAL,B.Aubrey,2,2,4,5,10,38.0
2023_01_DAL_NYG,2023,1,NYG,G.Gano,0,2,0,0,0,
2023_01_DET_KC,2023,1,DET,R.Patterson,0,0,3,3,3,
2023_01_DET_KC,2023,1,KC,H.Butker,2,2,2,2,8,39.0
2023_01_GB_CHI,2023,1,CHI,C.Santos,2,2,0,0,6,47.0
2023_01_GB_CHI,2023,1,GB,A.Carlson,1,1,5,5,8,52.0
2023_01_HOU_BAL,2023,1,BAL,J.Tucker,1,1,2,2,5,39.0
2023_01_HOU_BAL,2023,1,HOU,K.Fairbairn,3,3,0,0,9,38.0
2023_01_JAX_IND,2023,1,IND,M.Gay,0,0,3,3,3,
2023_01_JAX_IND,2023,1,JAX,B.McManus,1,1,4,4,7,45.0
2023_01_LA_SEA,2023,1,LA,B.Maher,3,5,3,3,12,54.0
2023_01_LA_SEA,2023,1,SEA,J.Myers,2,3,1,1,7,42.0
2023_01_LV_DEN,2023,1,DEN,W.Lutz,1,2,1,2,4,24.0
2023_01_LV_DEN,2023,1,LV,D.Carlson,1,1,2,2,5,24.0
2023_01_MIA_LAC,2023,1,LAC,C.Dicker,2,2,4,4,10,50.0
2023_01_MIA_LAC,2023,1,MIA,J.Sanders,3,3,3,4,12,45.0
2023_01_PHI_NE,2023,1,NE,C.Ryland,0,0,2,2,2,
2023_01_PHI_NE,2023,1,PHI,J.Elliott,4,4,1,2,13,56.0
2023_01_SF_PIT,2023,1,PIT,C.Boswell,0,0,1,1,1,
2023_01_SF_PIT,2023,1,SF,J.Moody,3,3,3,3,12,41.0
2023_01_TB_MIN,2023,1,MIN,G.Joseph,1,1,2,2,5,25.0
2023_01_TB_MIN,2023,1,TB,C.McLaughlin,2,2,2,2,8,57.0
2023_01_TEN_NO,2023,1,NO,B.Grupe,3,3,1,1,10,52.0
2023_01_TEN_NO,2023,1,TEN,N.Folk,5,5,0,0,15,50.0
2023_02_BAL_CIN,2023,2,BAL,J.Tucker,2,3,3,3,9,44.0
2023_02_BAL_CIN,2023,2,CIN,E.McPherson,1,1,3,3,6,27.0
2023_02_CHI_TB,2023,2,CHI,C.Santos,1,1,2,2,5,52.0
2023_02_CHI_TB,2023,2,TB,C.McLaughlin,2,3,3,3,9,26.0
2023_02_CLE_PIT,2023,2,CLE,D.Hopkins,2,3,0,0,6,55.0
2023_02_CLE_PIT,2023,2,PIT,C.Boswell,2,2,2,2,8,52.0
2023_02_GB_ATL,2023,2,ATL,Y.Koo,4,4,1,2,13,39.0
2023_02_GB_ATL,2023,2,GB,A.Carlson,1,1,3,3,6,33.0
2023_02_IND_HOU,2023,2,HOU,K.Fairbairn,2,3,2,2,8,36.0
2023_02_IND_HOU,2023,2,IND,M.Gay,1,1,4,4,7,42.0
2023_02_KC_JAX,2023,2,JAX,B.McManus,3,3,0,0,9,49.0
2023_02_KC_JAX,2023,2,KC,H.Butker,1,1,2,2,5,38.0
2023_02_LAC_TEN,2023,2,LAC,C.Dicker,3,3,1,1,10,33.0
2023_02_LAC_TEN,2023,2,TEN,N.Folk,2,2,3,3,9,41.0
2023_02_LV_BUF,2023,2,BUF,T.Bass,1,1,5,5,8,29.0
2023_02_LV_BUF,2023,2,LV,D.Carlson,1,1,1,1,4,47.0
2023_02_MIA_NE,2023,2,MIA,J.Sanders,1,3,3,3,6,23.0
2023_02_MIA_NE,2023,2,NE,C.Ryland,1,1,2,2,5,49.0
2023_02_MIN_PHI,2023,2,MIN,G.Joseph,0,0,4,4,4,
2023_02_MIN_PHI,2023,2,PHI,J.Elliott,2,3,4,4,10,61.0
2023_02_NO_CAR,2023,2,CAR,E.Pineiro,3,3,0,0,9,54.0
2023_02_NO_CAR,2023,2,NO,B.Grupe,2,2,2,2,8,28.0
2023_02_NYG_ARI,2023,2,ARI,M.Prater,2,3,2,2,8,44.0
2023_02_NYG_ARI,2023,2,NYG,G.Gano,1,1,4,4,7,34.0
2023_02_NYJ_DAL,2023,2,DAL,B.Aubrey,5,5,1,1,16,55.0
2023_02_NYJ_DAL,2023,2,NYJ,A.Seibert,1,1,1,1,4,34.0
2023_02_SEA_DET,2023,2,DET,R.Patterson,1,1,4,4,7,38.0
2023_02_SEA_DET,2023,2,SEA,J.Myers,1,3,4,4,7,25.0
2023_02_SF_LA,2023,2,LA,B.Maher,3,3,2,2,11,48.0
2023_02_SF_LA,2023,2,SF,J.Moody,3,3,3,3,12,57.0
2023_02_WAS_DEN,2023,2,DEN,W.Lutz,2,2,3,3,9,32.0
2023_02_WAS_DEN,2023,2,WAS,J.Slye,2,4,3,3,9,49.0
2023_03_ATL_DET,2023,3,ATL,Y.Koo,2,3,0,0,6,48.0
2023_03_ATL_DET,2023,3,DET,R.Patterson,2,2,2,2,8,37.0
2023_03_BUF_WAS,2023,3,BUF,T.Bass,3,3,4,4,13,54.0
2023_03_BUF_WAS,2023,3,WAS,J.Slye,1,1,0,0,3,51.0
2023_03_CAR_SEA,2023,3,CAR,E.Pineiro,2,3,3,3,9,47.0
2023_03_CAR_SEA,2023,3,SEA,J.Myers,5,5,2,2,17,43.0
2023_03_CHI_KC,2023,3,CHI,C.Santos,1,1,1,1,4,21.0
2023_03_CHI_KC,2023,3,KC,H.Butker,2,2,5,5,11,41.0
2023_03_DAL_ARI,2023,3,ARI,M.Prater,3,3,1,1,10,62.0
2023_03_DAL_ARI,2023,3,DAL,B.Aubrey,3,3,1,1,10,49.0
2023_03_DEN_MIA,2023,3,DEN,W.Lutz,2,2,2,2,8,31.0
2023_03_DEN_MIA,2023,3,MIA,J.Sanders,0,0,10,10,10,
2023_03_HOU_JAX,2023,3,HOU,K.Fairbairn,3,3,4,4,13,33.0
2023_03_HOU_JAX,2023,3,JAX,B.McManus,1,3,2,2,5,33.0
2023_03_IND_BAL,2023,3,BAL,J.Tucker,1,2,2,2,5,50.0
2023_03_IND_BAL,2023,3,IND,M.Gay,5,5,1,1,16,54.0
2023_03_LAC_MIN,2023,3,LAC,C.Dicker,0,1,4,4,4,
2023_03_LAC_MIN,2023,3,MIN,G.Joseph,1,1,3,3,6,23.0
2023_03_LA_CIN,2023,3,CIN,E.McPherson,4,5,1,1,13,54.0
2023_03_LA_CIN,2023,3,LA,B.Maher,3,3,1,1,10,42.0
2023_03_NE_NYJ,2023,3,NE,C.Ryland,2,4,1,1,7,51.0
2023_03_NE_NYJ,2023,3,NYJ,G.Zuerlein,1,1,1,1,4,52.0
2023_03_NO_GB,2023,3,GB,A.Carlson,1,1,1,1,4,38.0
2023_03_NO_GB,2023,3,NO,B.Grupe,1,2,2,2,5,25.0
2023_03_NYG_SF,2023,3,NYG,G.Gano,2,2,0,0,6,57.0
2023_03_NYG_SF,2023,3,SF,J.Moody,3,3,3,3,12,36.0
2023_03_PHI_TB,2023,3,PHI,J.Elliott,3,3,2,2,11,38.0
2023_03_PHI_TB,2023,3,TB,C.McLaughlin,1,1,0,0,3,33.0
2023_03_PIT_LV,2023,3,LV,D.Carlson,1,1,1,1,4,26.0
2023_03_PIT_LV,2023,3,PIT,C.Boswell,3,3,2,2,11,57.0
2023_03_TEN_CLE,2023,3,CLE,D.Hopkins,2,2,3,3,9,52.0
2023_03_TEN_CLE,2023,3,TEN,N.Folk,1,1,0,0,3,44.0
2023_04_ARI_SF,2023,4,ARI,M.Prater,1,1,1,1,4,38.0
2023_04_ARI_SF,2023,4,SF,J.Moody,0,0,5,5,5,
2023_04_ATL_JAX,2023,4,ATL,Y.Koo,0,0,1,1,1,
2023_04_ATL_JAX,2023,4,JAX,B.McManus,3,3,2,2,11,56.0
2023_04_BAL_CLE,2023,4,BAL,J.Tucker,0,0,4,4,4,
2023_04_BAL_CLE,2023,4,CLE,D.Hopkins,1,1,0,0,3,53.0
2023_04_CIN_TEN,2023,4,CIN,E.McPherson,1,1,0,0,3,21.0
2023_04_CIN_TEN,2023,4,TEN,N.Folk,2,2,3,3,9,53.0
2023_04_DEN_CHI,2023,4,CHI,C.Santos,0,0,4,4,4,
2023_04_DEN_CHI,2023,4,DEN,W.Lutz,1,1,4,4,7,51.0
2023_04_DET_GB,2023,4,DET,R.Patterson,2,2,4,4,10,37.0
2023_04_DET_GB,2023,4,GB,A.Carlson,2,2,0,0,6,50.0
2023_04_KC_NYJ,2023,4,KC,H.Butker,3,3,2,2,11,37.0
2023_04_KC_NYJ,2023,4,NYJ,G.Zuerlein,1,2,1,1,4,31.0
2023_04_LA_IND,2023,4,IND,M.Gay,0,1,1,1,1,
2023_04_LA_IND,2023,4,LA,B.Maher,3,5,2,2,11,54.0
2023_04_LV_LAC,2023,4,LAC,C.Dicker,1,1,3,3,6,33.0
2023_04_LV_LAC,2023,4,LV,D.Carlson,1,1,2,2,5,22.0
2023_04_MIA_BUF,2023,4,BUF,T.Bass,2,2,6,6,12,53.0
2023_04_MIA_BUF,2023,4,MIA,J.Sanders,0,0,2,2,2,
2023_04_MIN_CAR,2023,4,CAR,E.Pineiro,2,2,1,1,7,56.0
2023_04_MIN_CAR,2023,4,MIN,G.Joseph,0,0,3,3,3,
2023_04_NE_DAL,2023,4,DAL,B.Aubrey,3,3,3,3,12,33.0
2023_04_NE_DAL,2023,4,NE,C.Ryland,1,2,0,0,3,29.0
2023_04_PIT_HOU,2023,4,HOU,K.Fairbairn,3,3,3,3,12,39.0
2023_04_PIT_HOU,2023,4,PIT,C.Boswell,2,2,0,0,6,35.0
2023_04_SEA_NYG,2023,4,NYG,G.Gano,1,1,0,0,3,55.0
2023_04_SEA_NYG,2023,4,SEA,J.Myers,1,2,3,3,6,34.0
2023_04_TB_NO,2023,4,NO,B.Grupe,3,3,0,0,9,44.0
2023_04_TB_NO,2023,4,TB,C.McLaughlin,2,2,2,2,8,51.0
2023_04_WAS_PHI,2023,4,PHI,J.Elliott,4,4,2,2,14,54.0
2023_04_WAS_PHI,2023,4,WAS,J.Slye,1,1,4,4,7,27.0
2023_05_BAL_PIT,2023,5,BAL,J.Tucker,1,1,1,1,4,23.0
2023_05_BAL_PIT,2023,5,PIT,C.Boswell,3,3,0,0,9,43.0
2023_05_CAR_DET,2023,5,CAR,E.Pineiro,1,1,3,3,6,33.0
2023_05_CAR_DET,2023,5,DET,R.Patterson,0,0,6,6,6,
2023_05_CHI_WAS,2023,5,CHI,C.Santos,4,4,4,4,16,43.0
2023_05_CHI_WAS,2023,5,WAS,J.Slye,2,3,0,0,6,51.0
2023_05_CIN_ARI,2023,5,ARI,M.Prater,0,0,2,3,2,
2023_05_CIN_ARI,2023,5,CIN,E.McPherson,2,2,4,4,10,40.0
2023_05_DAL_SF,2023,5,DAL,B.Aubrey,1,1,1,1,4,50.0
2023_05_DAL_SF,2023,5,SF,J.Moody,0,0,6,6,6,
2023_05_GB_LV,2023,5,GB,A.Carlson,2,2,1,1,7,37.0
2023_05_GB_LV,2023,5,LV,D.Carlson,1,3,2,2,5,26.0
2023_05_HOU_ATL,2023,5,ATL,Y.Koo,2,2,1,1,7,37.0
2023_05_HOU_ATL,2023,5,HOU,K.Fairbairn,4,4,1,1,13,43.0
2023_05_JAX_BUF,2023,5,BUF,T.Bass,0,0,2,2,2,
2023_05_JAX_BUF,2023,5,JAX,B.McManus,1,1,2,2,5,44.0
2023_05_KC_MIN,2023,5,KC,H.Butker,2,2,3,3,9,40.0
2023_05_KC_MIN,2023,5,MIN,G.Joseph,2,2,2,2,8,40.0
2023_05_NO_NE,2023,5,NE,C.Ryland,0,1,0,0,0,
2023_05_NO_NE,2023,5,NO,B.Grupe,2,2,4,4,10,54.0
2023_05_NYG_MIA,2023,5,MIA,J.Sanders,1,1,4,4,7,40.0
2023_05_NYG_MIA,2023,5,NYG,G.Gano,3,4,1,1,10,51.0
2023_05_NYJ_DEN,2023,5,DEN,W.Lutz,2,2,1,1,7,23.0
2023_05_NYJ_DEN,2023,5,NYJ,G.Zuerlein,5,5,2,2,17,49.0
2023_05_PHI_LA,2023,5,LA,B.Maher,0,0,2,2,2,
2023_05_PHI_LA,2023,5,PHI,J.Elliott,3,3,2,2,11,34.0
2023_05_TEN_IND,2023,5,IND,M.Gay,3,3,2,2,11,43.0
2023_05_TEN_IND,2023,5,TEN,N.Folk,3,3,1,1,10,53.0
2023_06_ARI_LA,2023,6,ARI,M.Prater,3,3,0,0,9,55.0
2023_06_ARI_LA,2023,6,LA,B.Maher,4,4,2,2,14,43.0
2023_06_BAL_TEN,2023,6,BAL,J.Tucker,6,6,0,1,18,41.0
2023_06_BAL_TEN,2023,6,TEN,N.Folk,3,3,1,1,10,38.0
2023_06_CAR_MIA,2023,6,CAR,E.Pineiro,0,1,3,3,3,
2023_06_CAR_MIA,2023,6,MIA,J.Sanders,0,0,6,6,6,
2023_06_DAL_LAC,2023,6,DAL,B.Aubrey,2,2,2,2,8,39.0
2023_06_DAL_LAC,2023,6,LAC,C.Dicker,1,1,2,2,5,24.0
2023_06_DEN_KC,2023,6,KC,H.Butker,4,4,1,1,13,60.0
2023_06_DET_TB,2023,6,DET,R.Patterson,2,3,2,2,8,36.0
2023_06_DET_TB,2023,6,TB,C.McLaughlin,2,2,0,0,6,36.0
2023_06_IND_JAX,2023,6,IND,M.Gay,2,2,2,2,8,56.0
2023_06_IND_JAX,2023,6,JAX,B.McManus,3,3,4,4,13,51.0
2023_06_MIN_CHI,2023,6,CHI,C.Santos,2,2,1,1,7,53.0
2023_06_MIN_CHI,2023,6,MIN,G.Joseph,2,3,1,2,7,53.0
2023_06_NE_LV,2023,6,LV,D.Carlson,4,4,1,1,13,37.0
2023_06_NE_LV,2023,6,NE,C.Ryland,1,1,2,2,5,43.0
2023_06_NO_HOU,2023,6,HOU,K.Fairbairn,2,2,2,2,8,24.0
2023_06_NO_HOU,2023,6,NO,B.Grupe,2,4,1,1,7,48.0
2023_06_NYG_BUF,2023,6,BUF,T.Bass,0,2,2,2,2,
2023_06_NYG_BUF,2023,6,NYG,G.Gano,3,3,0,0,9,43.0
2023_06_PHI_NYJ,2023,6,NYJ,G.Zuerlein,4,4,0,0,12,43.0
2023_06_PHI_NYJ,2023,6,PHI,J.Elliott,0,1,2,2,2,
2023_06_SEA_CIN,2023,6,CIN,E.McPherson,1,1,2,2,5,52.0
2023_06_SEA_CIN,2023,6,SEA,J.Myers,2,2,1,1,7,55.0
2023_06_SF_CLE,2023,6,CLE,D.Hopkins,4,5,1,1,13,50.0
2023_06_SF_CLE,2023,6,SF,J.Moody,1,3,2,2,5,25.0
2023_06_WAS_ATL,2023,6,ATL,Y.Koo,1,1,1,1,4,47.0
2023_06_WAS_ATL,2023,6,WAS,J.Slye,1,1,3,3,6,37.0
2023_07_ARI_SEA,2023,7,ARI,M.Prater,1,2,1,1,4,44.0
2023_07_ARI_SEA,2023,7,SEA,J.Myers,2,2,2,2,8,48.0
2023_07_ATL_TB,2023,7,ATL,Y.Koo,3,3,1,1,10,51.0
2023_07_ATL_TB,2023,7,TB,C.McLaughlin,2,2,1,1,7,36.0
2023_07_BUF_NE,2023,7,BUF,T.Bass,1,2,2,2,5,36.0
2023_07_BUF_NE,2023,7,NE,C.Ryland,3,3,2,2,11,49.0
2023_07_CLE_IND,2023,7,CLE,D.Hopkins,4,4,3,3,15,58.0
2023_07_CLE_IND,2023,7,IND,M.Gay,1,2,5,5,8,27.0
2023_07_DET_BAL,2023,7,BAL,J.Tucker,1,1,5,5,8,32.0
2023_07_GB_DEN,2023,7,DEN,W.Lutz,4,4,1,1,13,52.0
2023_07_GB_DEN,2023,7,GB,A.Carlson,1,2,2,2,5,29.0
2023_07_JAX_NO,2023,7,JAX,B.McManus,1,1,4,4,7,43.0
2023_07_JAX_NO,2023,7,NO,B.Grupe,3,4,1,1,10,42.0
2023_07_LAC_KC,2023,7,KC,H.Butker,1,1,4,4,7,35.0
2023_07_LAC_KC,2023,7,LAC,C.Dicker,1,1,2,2,5,55.0
2023_07_LV_CHI,2023,7,CHI,C.Santos,1,1,3,4,6,54.0
2023_07_LV_CHI,2023,7,LV,D.Carlson,2,3,0,0,6,40.0
2023_07_MIA_PHI,2023,7,MIA,J.Sanders,1,1,2,2,5,40.0
2023_07_MIA_PHI,2023,7,PHI,J.Elliott,1,1,4,4,7,24.0
2023_07_PIT_LA,2023,7,LA,B.Maher,1,3,0,1,3,41.0
2023_07_PIT_LA,2023,7,PIT,C.Boswell,1,1,3,3,6,53.0
2023_07_SF_MIN,2023,7,MIN,G.Joseph,3,4,1,2,10,54.0
2023_07_SF_MIN,2023,7,SF,J.Moody,1,2,2,2,5,55.0
2023_07_WAS_NYG,2023,7,NYG,G.Gano,0,1,2,2,2,
2023_07_WAS_NYG,2023,7,WAS,J.Slye,0,1,1,1,1,
2023_08_ATL_TEN,2023,8,ATL,Y.Koo,3,3,2,2,11,49.0
2023_08_ATL_TEN,2023,8,TEN,N.Folk,0,0,4,4,4,
2023_08_BAL_ARI,2023,8,ARI,M.Prater,1,1,1,1,4,47.0
2023_08_BAL_ARI,2023,8,BAL,J.Tucker,1,2,4,4,7,48.0
2023_08_CHI_LAC,2023,8,CHI,C.Santos,0,0,1,1,1,
2023_08_CHI_LAC,2023,8,LAC,C.Dicker,3,3,3,3,12,53.0
2023_08_CIN_SF,2023,8,CIN,E.McPherson,1,2,4,4,7,56.0
2023_08_CIN_SF,2023,8,SF,J.Moody,1,1,2,2,5,36.0
2023_08_CLE_SEA,2023,8,CLE,D.Hopkins,2,2,2,2,8,27.0
2023_08_CLE_SEA,2023,8,SEA,J.Myers,1,1,3,3,6,32.0
2023_08_HOU_CAR,2023,8,CAR,E.Pineiro,3,3,0,1,9,46.0
2023_08_HOU_CAR,2023,8,HOU,K.Fairbairn,0,0,1,1,1,
2023_08_JAX_PIT,2023,8,JAX,B.McManus,4,4,0,0,12,51.0
2023_08_JAX_PIT,2023,8,PIT,C.Boswell,1,2,1,1,4,22.0
2023_08_KC_DEN,2023,8,DEN,W.Lutz,1,2,3,3,6,28.0
2023_08_KC_DEN,2023,8,KC,H.Butker,3,3,0,0,9,56.0
2023_08_LA_DAL,2023,8,DAL,B.Aubrey,2,2,5,5,11,58.0
2023_08_LA_DAL,2023,8,LA,L.Havrisik,2,2,0,0,6,47.0
2023_08_LV_DET,2023,8,DET,R.Patterson,4,5,2,2,14,52.0
2023_08_LV_DET,2023,8,LV,D.Carlson,0,0,2,2,2,
2023_08_MIN_GB,2023,8,GB,A.Carlson,1,1,1,1,4,30.0
2023_08_MIN_GB,2023,8,MIN,G.Joseph,1,3,3,3,6,25.0
2023_08_NE_MIA,2023,8,MIA,J.Sanders,1,1,4,4,7,30.0
2023_08_NE_MIA,2023,8,NE,C.Ryland,1,1,2,2,5,38.0
2023_08_NO_IND,2023,8,IND,M.Gay,2,2,3,3,9,42.0
2023_08_NO_IND,2023,8,NO,B.Grupe,1,1,5,5,8,27.0
2023_08_NYJ_NYG,2023,8,NYG,G.Gano,1,3,1,1,4,31.0
2023_08_NYJ_NYG,2023,8,NYJ,G.Zuerlein,2,2,1,1,7,35.0
2023_08_PHI_WAS,2023,8,PHI,J.Elliott,1,1,5,5,8,51.0
2023_08_PHI_WAS,2023,8,WAS,J.Slye,1,1,4,4,7,61.0
2023_08_TB_BUF,2023,8,BUF,T.Bass,1,1,3,3,6,37.0
2023_08_TB_BUF,2023,8,TB,C.McLaughlin,1,2,1,1,4,57.0
2023_09_ARI_CLE,2023,9,CLE,D.Hopkins,2,3,3,3,9,45.0
2023_09_BUF_CIN,2023,9,BUF,T.Bass,1,1,1,1,4,34.0
2023_09_BUF_CIN,2023,9,CIN,E.McPherson,1,1,3,3,6,20.0
2023_09_CHI_NO,2023,9,CHI,C.Santos,1,2,2,2,5,31.0
2023_09_CHI_NO,2023,9,NO,B.Grupe,1,2,3,3,6,55.0
2023_09_DAL_PHI,2023,9,DAL,B.Aubrey,1,1,2,2,5,51.0
2023_09_DAL_PHI,2023,9,PHI,J.Elliott,0,0,4,4,4,
2023_09_IND_CAR,2023,9,CAR,E.Pineiro,2,2,1,1,7,49.0
2023_09_IND_CAR,2023,9,IND,M.Gay,2,2,3,3,9,57.0
2023_09_LAC_NYJ,2023,9,LAC,C.Dicker,2,2,3,3,9,55.0
2023_09_LAC_NYJ,2023,9,NYJ,G.Zuerlein,2,2,0,0,6,47.0
2023_09_LA_GB,2023,9,GB,A.Carlson,2,3,2,2,8,34.0
2023_09_LA_GB,2023,9,LA,L.Havrisik,1,2,0,0,3,52.0
2023_09_MIA_KC,2023,9,KC,H.Butker,0,0,3,3,3,
2023_09_MIA_KC,2023,9,MIA,J.Sanders,0,0,2,2,2,
2023_09_MIN_ATL,2023,9,ATL,Y.Koo,4,4,2,2,14,54.0
2023_09_MIN_ATL,2023,9,MIN,G.Joseph,3,3,2,2,11,32.0
2023_09_NYG_LV,2023,9,LV,D.Carlson,3,3,3,3,12,46.0
2023_09_SEA_BAL,2023,9,BAL,J.Tucker,3,3,4,4,13,45.0
2023_09_SEA_BAL,2023,9,SEA,J.Myers,1,1,0,0,3,33.0
2023_09_TB_HOU,2023,9,HOU,D.Ogunbowale,1,1,0,0,3,29.0
2023_09_TB_HOU,2023,9,HOU,K.Fairbairn,1,1,1,1,4,50.0
2023_09_TB_HOU,2023,9,TB,C.McLaughlin,3,3,4,4,13,55.0
2023_09_TEN_PIT,2023,9,PIT,C.Boswell,2,2,2,2,8,30.0
2023_09_TEN_PIT,2023,9,TEN,N.Folk,3,3,1,1,10,48.0
2023_09_WAS_NE,2023,9,NE,C.Ryland,1,1,2,2,5,43.0
2023_09_WAS_NE,2023,9,WAS,J.Slye,2,2,2,2,8,37.0
2023_10_ATL_ARI,2023,10,ARI,M.Prater,4,4,1,1,13,56.0
2023_10_ATL_ARI,2023,10,ATL,Y.Koo,1,1,2,2,5,36.0
2023_10_CAR_CHI,2023,10,CAR,E.Pineiro,2,3,1,1,7,39.0
2023_10_CAR_CHI,2023,10,CHI,C.Santos,3,3,1,1,10,54.0
2023_10_CLE_BAL,2023,10,BAL,J.Tucker,1,2,4,4,7,37.0
2023_10_CLE_BAL,2023,10,CLE,D.Hopkins,4,4,1,2,13,40.0
2023_10_DEN_BUF,2023,10,BUF,T.Bass,0,0,2,2,2,
2023_10_DEN_BUF,2023,10,DEN,W.Lutz,4,4,0,1,12,49.0
2023_10_DET_LAC,2023,10,DET,R.Patterson,2,2,5,5,11,41.0
2023_10_DET_LAC,2023,10,LAC,C.Dicker,1,1,5,5,8,48.0
2023_10_GB_PIT,2023,10,GB,A.Carlson,2,2,1,2,7,31.0
2023_10_GB_PIT,2023,10,PIT,C.Boswell,3,3,2,2,11,49.0
2023_10_HOU_CIN,2023,10,CIN,E.McPherson,2,2,3,3,9,50.0
2023_10_HOU_CIN,2023,10,HOU,M.Ammendola,3,3,3,3,12,45.0
2023_10_IND_NE,2023,10,IND,M.Gay,1,2,1,1,4,51.0
2023_10_IND_NE,2023,10,NE,C.Ryland,2,3,0,0,6,37.0
2023_10_NO_MIN,2023,10,MIN,G.Joseph,2,3,3,3,9,40.0
2023_10_NO_MIN,2023,10,NO,B.Grupe,1,1,0,0,3,48.0
2023_10_NYG_DAL,2023,10,DAL,B.Aubrey,0,0,7,7,7,
2023_10_NYG_DAL,2023,10,NYG,R.Bullock,1,1,2,2,5,40.0
2023_10_NYJ_LV,2023,10,LV,D.Carlson,3,3,1,1,10,54.0
2023_10_NYJ_LV,2023,10,NYJ,G.Zuerlein,4,4,0,0,12,53.0
2023_10_SF_JAX,2023,10,JAX,B.McManus,1,1,0,0,3,37.0
2023_10_SF_JAX,2023,10,SF,J.Moody,2,2,4,4,10,39.0
2023_10_TEN_TB,2023,10,TB,C.McLaughlin,2,2,2,2,8,35.0
2023_10_TEN_TB,2023,10,TEN,N.Folk,2,3,0,0,6,38.0
2023_10_WAS_SEA,2023,10,SEA,J.Myers,5,5,2,2,17,45.0
2023_10_WAS_SEA,2023,10,WAS,J.Slye,2,2,2,3,8,49.0
2023_11_ARI_HOU,2023,11,ARI,M.Prater,1,1,1,1,4,57.0
2023_11_ARI_HOU,2023,11,HOU,M.Ammendola,0,1,3,3,3,
2023_11_CHI_DET,2023,11,CHI,C.Santos,4,4,2,2,14,53.0
2023_11_CHI_DET,2023,11,DET,R.Patterson,0,0,3,3,3,
2023_11_CIN_BAL,2023,11,BAL,J.Tucker,2,2,4,4,10,47.0
2023_11_CIN_BAL,2023,11,CIN,E.McPherson,2,3,2,2,8,50.0
2023_11_DAL_CAR,2023,11,CAR,E.Pineiro,1,1,1,1,4,42.0
2023_11_DAL_CAR,2023,11,DAL,B.Aubrey,2,2,3,4,9,30.0
2023_11_LAC_GB,2023,11,GB,A.Carlson,1,2,2,3,5,28.0
2023_11_LAC_GB,2023,11,LAC,C.Dicker,2,2,2,2,8,26.0
2023_11_LV_MIA,2023,11,LV,D.Carlson,2,2,1,1,7,47.0
2023_11_LV_MIA,2023,11,MIA,J.Sanders,2,3,2,2,8,51.0
2023_11_MIN_DEN,2023,11,DEN,W.Lutz,5,5,0,0,15,52.0
2023_11_MIN_DEN,2023,11,MIN,G.Joseph,2,2,2,2,8,34.0
2023_11_NYG_WAS,2023,11,NYG,R.Bullock,1,1,4,4,7,36.0
2023_11_NYG_WAS,2023,11,WAS,J.Slye,2,2,1,2,7,42.0
2023_11_NYJ_BUF,2023,11,BUF,T.Bass,4,4,2,3,14,50.0
2023_11_PHI_KC,2023,11,KC,H.Butker,1,1,2,2,5,43.0
2023_11_PHI_KC,2023,11,PHI,J.Elliott,0,0,3,3,3,
2023_11_PIT_CLE,2023,11,CLE,D.Hopkins,2,2,1,1,7,34.0
2023_11_PIT_CLE,2023,11,PIT,C.Boswell,1,1,1,1,4,28.0
2023_11_SEA_LA,2023,11,LA,L.Havrisik,1,1,2,2,5,22.0
2023_11_SEA_LA,2023,11,SEA,J.Myers,3,4,1,1,10,54.0
2023_11_TB_SF,2023,11,SF,J.Moody,2,2,3,3,9,37.0
2023_11_TB_SF,2023,11,TB,C.McLaughlin,0,0,2,2,2,
2023_11_TEN_JAX,2023,11,JAX,B.McManus,2,2,4,4,10,30.0
2023_11_TEN_JAX,2023,11,TEN,N.Folk,0,0,2,2,2,
2023_12_BAL_LAC,2023,12,BAL,J.Tucker,2,3,2,2,8,48.0
2023_12_BAL_LAC,2023,12,LAC,C.Dicker,1,1,1,1,4,39.0
2023_12_BUF_PHI,2023,12,BUF,T.Bass,2,4,4,4,10,48.0
2023_12_BUF_PHI,2023,12,PHI,J.Elliott,1,1,4,4,7,59.0
2023_12_CAR_TEN,2023,12,CAR,E.Pineiro,1,1,1,1,4,50.0
2023_12_CAR_TEN,2023,12,TEN,N.Folk,1,1,2,2,5,53.0
2023_12_CHI_MIN,2023,12,CHI,C.Santos,4,5,0,0,12,55.0
2023_12_CHI_MIN,2023,12,MIN,G.Joseph,1,1,1,1,4,34.0
2023_12_CLE_DEN,2023,12,CLE,D.Hopkins,2,2,0,0,6,36.0
2023_12_CLE_DEN,2023,12,DEN,W.Lutz,2,2,3,3,9,34.0
2023_12_GB_DET,2023,12,DET,R.Patterson,0,0,0,1,0,
2023_12_GB_DET,2023,12,GB,A.Carlson,1,2,2,3,5,43.0
2023_12_JAX_HOU,2023,12,HOU,M.Ammendola,0,2,3,3,3,
2023_12_JAX_HOU,2023,12,JAX,B.McManus,3,4,1,1,10,53.0
2023_12_KC_LV,2023,12,KC,H.Butker,1,1,4,4,7,32.0
2023_12_KC_LV,2023,12,LV,D.Carlson,1,2,2,2,5,34.0
2023_12_LA_ARI,2023,12,ARI,M.Prater,0,1,0,0,0,
2023_12_LA_ARI,2023,12,LA,L.Havrisik,1,2,4,5,7,24.0
2023_12_MIA_NYJ,2023,12,MIA,J.Sanders,2,2,4,4,10,54.0
2023_12_MIA_NYJ,2023,12,NYJ,G.Zuerlein,0,0,1,2,1,
2023_12_NE_NYG,2023,12,NE,C.Ryland,0,1,1,1,1,
2023_12_NE_NYG,2023,12,NYG,R.Bullock,1,1,1,1,4,42.0
2023_12_NO_ATL,2023,12,ATL,Y.Koo,1,1,3,3,6,39.0
2023_12_NO_ATL,2023,12,NO,B.Grupe,5,6,0,0,15,52.0
2023_12_PIT_CIN,2023,12,CIN,E.McPherson,1,1,1,1,4,47.0
2023_12_PIT_CIN,2023,12,PIT,C.Boswell,3,3,1,1,10,41.0
2023_12_SF_SEA,2023,12,SEA,J.Myers,2,3,1,1,7,51.0
2023_12_SF_SEA,2023,12,SF,J.Moody,1,1,4,4,7,32.0
2023_12_TB_IND,2023,12,IND,M.Gay,2,3,3,3,9,46.0
2023_12_TB_IND,2023,12,TB,C.McLaughlin,2,2,2,2,8,24.0
2023_12_WAS_DAL,2023,12,DAL,B.Aubrey,1,1,4,5,7,52.0
2023_12_WAS_DAL,2023,12,WAS,J.Slye,1,1,1,1,4,43.0
2023_13_ARI_PIT,2023,13,ARI,M.Prater,1,1,3,3,6,51.0
2023_13_ARI_PIT,2023,13,PIT,C.Boswell,1,2,1,1,4,29.0
2023_13_ATL_NYJ,2023,13,ATL,Y.Koo,2,2,1,1,7,42.0
2023_13_ATL_NYJ,2023,13,NYJ,G.Zuerlein,2,2,0,0,6,46.0
2023_13_CAR_TB,2023,13,CAR,E.Pineiro,1,1,1,1,4,23.0
2023_13_CAR_TB,2023,13,TB,C.McLaughlin,0,0,3,3,3,
2023_13_CIN_JAX,2023,13,CIN,E.McPherson,2,3,4,4,10,54.0
2023_13_CIN_JAX,2023,13,JAX,B.McManus,1,2,4,4,7,40.0
2023_13_CLE_LA,2023,13,CLE,D.Hopkins,2,2,1,2,7,40.0
2023_13_CLE_LA,2023,13,LA,L.Havrisik,2,3,4,4,10,44.0
2023_13_DEN_HOU,2023,13,DEN,W.Lutz,1,1,2,2,5,34.0
2023_13_DEN_HOU,2023,13,HOU,M.Ammendola,3,3,1,1,10,38.0
2023_13_DET_NO,2023,13,DET,R.Patterson,2,2,3,3,9,32.0
2023_13_DET_NO,2023,13,NO,B.Grupe,0,0,4,4,4,
2023_13_IND_TEN,2023,13,IND,M.Gay,4,4,1,1,13,46.0
2023_13_IND_TEN,2023,13,TEN,N.Folk,2,2,2,3,8,46.0
2023_13_KC_GB,2023,13,GB,A.Carlson,2,2,3,3,9,48.0
2023_13_KC_GB,2023,13,KC,H.Butker,2,2,1,1,7,34.0
2023_13_LAC_NE,2023,13,LAC,C.Dicker,2,2,0,0,6,38.0
2023_13_MIA_WAS,2023,13,MIA,J.Sanders,1,1,6,6,9,49.0
2023_13_MIA_WAS,2023,13,WAS,J.Slye,0,1,1,1,1,
2023_13_SEA_DAL,2023,13,DAL,B.Aubrey,4,4,3,3,15,38.0
2023_13_SEA_DAL,2023,13,SEA,J.Myers,0,1,5,5,5,
2023_13_SF_PHI,2023,13,PHI,J.Elliott,2,2,1,1,7,39.0
2023_13_SF_PHI,2023,13,SF,J.Moody,0,0,6,6,6,
2023_14_BUF_KC,2023,14,BUF,T.Bass,2,2,2,2,8,39.0
2023_14_BUF_KC,2023,14,KC,H.Butker,1,1,2,2,5,27.0
2023_14_CAR_NO,2023,14,CAR,E.Pineiro,2,3,0,0,6,47.0
2023_14_CAR_NO,2023,14,NO,B.Grupe,0,1,4,4,4,
2023_14_DEN_LAC,2023,14,DEN,W.Lutz,1,1,3,3,6,23.0
2023_14_DEN_LAC,2023,14,LAC,C.Dicker,0,0,1,1,1,
2023_14_DET_CHI,2023,14,CHI,C.Santos,3,3,1,2,10,46.0
2023_14_DET_CHI,2023,14,DET,R.Patterson,0,0,1,2,1,
2023_14_GB_NYG,2023,14,GB,A.Carlson,3,4,1,1,10,48.0
2023_14_GB_NYG,2023,14,NYG,R.Bullock,1,2,3,3,6,37.0
2023_14_HOU_NYJ,2023,14,HOU,M.Ammendola,0,0,0,1,0,
2023_14_HOU_NYJ,2023,14,NYJ,G.Zuerlein,3,3,3,3,12,55.0
2023_14_IND_CIN,2023,14,CIN,E.McPherson,2,2,4,4,10,35.0
2023_14_IND_CIN,2023,14,IND,M.Gay,0,1,0,1,0,
2023_14_JAX_CLE,2023,14,CLE,D.Hopkins,1,1,4,4,7,55.0
2023_14_JAX_CLE,2023,14,JAX,B.McManus,0,0,3,3,3,
2023_14_LA_BAL,2023,14,BAL,J.Tucker,3,3,2,2,11,47.0
2023_14_LA_BAL,2023,14,LA,L.Havrisik,3,3,2,2,11,51.0
2023_14_MIN_LV,2023,14,MIN,G.Joseph,1,2,0,0,3,36.0
2023_14_NE_PIT,2023,14,NE,C.Ryland,0,0,3,3,3,
2023_14_NE_PIT,2023,14,PIT,C.Boswell,1,1,1,1,4,56.0
2023_14_PHI_DAL,2023,14,DAL,B.Aubrey,4,4,3,3,15,60.0
2023_14_PHI_DAL,2023,14,PHI,J.Elliott,2,2,1,1,7,52.0
2023_14_SEA_SF,2023,14,SEA,J.Myers,1,1,1,1,4,40.0
2023_14_SEA_SF,2023,14,SF,J.Moody,0,0,4,4,4,
2023_14_TB_ATL,2023,14,ATL,Y.Koo,1,3,2,2,5,20.0
2023_14_TB_ATL,2023,14,TB,C.McLaughlin,2,2,3,3,9,55.0
2023_14_TEN_MIA,2023,14,MIA,J.Sanders,2,3,3,3,9,31.0
2023_14_TEN_MIA,2023,14,TEN,N.Folk,2,2,2,2,8,28.0
2023_15_ATL_CAR,2023,15,ATL,Y.Koo,0,0,1,1,1,
2023_15_ATL_CAR,2023,15,CAR,E.Pineiro,3,3,0,0,9,34.0
2023_15_BAL_JAX,2023,15,BAL,J.Tucker,3,3,2,2,11,43.0
2023_15_BAL_JAX,2023,15,JAX,B.McManus,0,2,1,1,1,
2023_15_CHI_CLE,2023,15,CHI,C.Santos,1,1,2,2,5,41.0
2023_15_CHI_CLE,2023,15,CLE,D.Hopkins,2,2,2,2,8,34.0
2023_15_DAL_BUF,2023,15,BUF,T.Bass,1,1,4,4,7,23.0
2023_15_DAL_BUF,2023,15,DAL,B.Aubrey,1,1,1,1,4,32.0
2023_15_DEN_DET,2023,15,DEN,W.Lutz,1,1,2,2,5,23.0
2023_15_DEN_DET,2023,15,DET,M.Badgley,0,0,6,6,6,
2023_15_HOU_TEN,2023,15,HOU,K.Fairbairn,4,4,1,1,13,54.0
2023_15_HOU_TEN,2023,15,TEN,N.Folk,1,1,1,2,4,45.0
2023_15_KC_NE,2023,15,KC,H.Butker,2,3,3,3,9,54.0
2023_15_KC_NE,2023,15,NE,C.Ryland,1,2,2,2,5,25.0
2023_15_LAC_LV,2023,15,LAC,C.Dicker,0,0,3,3,3,
2023_15_LAC_LV,2023,15,LV,D.Carlson,0,0,9,9,9,
2023_15_MIN_CIN,2023,15,CIN,E.McPherson,2,2,3,3,9,34.0
2023_15_MIN_CIN,2023,15,MIN,G.Joseph,1,1,3,3,6,39.0
2023_15_NYG_NO,2023,15,NO,B.Grupe,1,1,3,3,6,50.0
2023_15_NYG_NO,2023,15,NYG,J.Gillan,1,1,0,0,3,40.0
2023_15_NYG_NO,2023,15,NYG,R.Bullock,1,1,0,0,3,56.0
2023_15_NYJ_MIA,2023,15,MIA,J.Sanders,3,3,3,3,12,37.0
2023_15_PHI_SEA,2023,15,PHI,J.Elliott,1,1,2,2,5,27.0
2023_15_PHI_SEA,2023,15,SEA,J.Myers,2,2,2,2,8,43.0
2023_15_PIT_IND,2023,15,IND,M.Gay,3,5,3,3,12,42.0
2023_15_PIT_IND,2023,15,PIT,C.Boswell,0,0,1,2,1,
2023_15_SF_ARI,2023,15,ARI,M.Prater,3,3,2,2,11,58.0
2023_15_SF_ARI,2023,15,SF,J.Moody,1,1,6,6,9,43.0
2023_15_TB_GB,2023,15,GB,A.Carlson,2,2,2,2,8,36.0
2023_15_TB_GB,2023,15,TB,C.McLaughlin,2,2,4,4,10,46.0
2023_15_WAS_LA,2023,15,LA,L.Havrisik,2,3,2,2,8,27.0
2023_15_WAS_LA,2023,15,WAS,J.Slye,0,0,2,3,2,
2023_16_ARI_CHI,2023,16,ARI,M.Prater,1,1,1,1,4,55.0
2023_16_ARI_CHI,2023,16,CHI,C.Santos,2,2,3,3,9,49.0
2023_16_BAL_SF,2023,16,BAL,J.Tucker,4,4,3,3,15,41.0
2023_16_BAL_SF,2023,16,SF,J.Moody,1,1,2,2,5,45.0
2023_16_BUF_LAC,2023,16,BUF,T.Bass,1,1,3,3,6,29.0
2023_16_BUF_LAC,2023,16,LAC,C.Dicker,5,5,1,1,16,53.0
2023_16_CIN_PIT,2023,16,CIN,E.McPherson,1,1,0,0,3,35.0
2023_16_CIN_PIT,2023,16,PIT,C.Boswell,2,2,4,4,10,50.0
2023_16_CLE_HOU,2023,16,CLE,D.Hopkins,0,0,2,2,2,
2023_16_CLE_HOU,2023,16,HOU,K.Fairbairn,0,0,2,2,2,
2023_16_DAL_MIA,2023,16,DAL,B.Aubrey,2,2,2,2,8,43.0
2023_16_DAL_MIA,2023,16,MIA,J.Sanders,5,5,1,1,16,57.0
2023_16_DET_MIN,2023,16,DET,M.Badgley,1,1,3,4,6,37.0
2023_16_DET_MIN,2023,16,MIN,G.Joseph,1,1,3,3,6,26.0
2023_16_GB_CAR,2023,16,CAR,E.Pineiro,1,1,1,3,4,52.0
2023_16_GB_CAR,2023,16,GB,A.Carlson,2,2,3,4,9,53.0
2023_16_IND_ATL,2023,16,ATL,Y.Koo,5,5,2,2,17,47.0
2023_16_IND_ATL,2023,16,IND,M.Gay,1,1,1,1,4,33.0
2023_16_JAX_TB,2023,16,JAX,B.McManus,0,1,0,0,0,
2023_16_JAX_TB,2023,16,TB,C.McLaughlin,3,3,3,3,12,51.0
2023_16_LV_KC,2023,16,KC,H.Butker,0,1,2,2,2,
2023_16_LV_KC,2023,16,LV,D.Carlson,2,2,0,0,6,35.0
2023_16_NE_DEN,2023,16,DEN,W.Lutz,0,1,1,1,1,
2023_16_NE_DEN,2023,16,NE,C.Ryland,2,3,2,3,8,56.0
2023_16_NO_LA,2023,16,LA,L.Havrisik,3,4,3,3,12,32.0
2023_16_NO_LA,2023,16,NO,B.Grupe,0,0,2,2,2,
2023_16_NYG_PHI,2023,16,NYG,M.Crosby,1,1,2,2,5,52.0
2023_16_NYG_PHI,2023,16,PHI,J.Elliott,4,4,3,3,15,44.0
2023_16_SEA_TEN,2023,16,SEA,J.Myers,2,2,2,2,8,28.0
2023_16_SEA_TEN,2023,16,TEN,N.Folk,1,1,2,2,5,33.0
2023_16_WAS_NYJ,2023,16,NYJ,G.Zuerlein,3,3,3,3,12,54.0
2023_16_WAS_NYJ,2023,16,WAS,J.Slye,0,0,4,4,4,
2023_17_ARI_PHI,2023,17,ARI,M.Prater,2,2,3,3,9,34.0
2023_17_ARI_PHI,2023,17,PHI,J.Elliott,1,1,4,4,7,43.0
2023_17_ATL_CHI,2023,17,ATL,Y.Koo,1,3,2,2,5,38.0
2023_17_ATL_CHI,2023,17,CHI,C.Santos,3,4,4,4,13,42.0
2023_17_CAR_JAX,2023,17,JAX,B.McManus,4,4,2,2,14,35.0
2023_17_CIN_KC,2023,17,CIN,E.McPherson,1,1,2,2,5,34.0
2023_17_CIN_KC,2023,17,KC,H.Butker,6,6,1,1,19,54.0
2023_17_DET_DAL,2023,17,DAL,B.Aubrey,2,2,2,2,8,51.0
2023_17_DET_DAL,2023,17,DET,M.Badgley,2,2,1,1,7,41.0
2023_17_GB_MIN,2023,17,GB,A.Carlson,2,2,3,4,9,37.0
2023_17_GB_MIN,2023,17,MIN,G.Joseph,1,1,1,1,4,54.0
2023_17_LAC_DEN,2023,17,DEN,W.Lutz,3,4,1,1,10,43.0
2023_17_LAC_DEN,2023,17,LAC,C.Dicker,3,4,0,0,9,52.0
2023_17_LA_NYG,2023,17,LA,L.Havrisik,0,0,2,4,2,
2023_17_LA_NYG,2023,17,NYG,M.Crosby,2,3,1,2,7,32.0
2023_17_LV_IND,2023,17,IND,M.Gay,3,3,2,2,11,45.0
2023_17_LV_IND,2023,17,LV,D.Carlson,2,2,2,2,8,40.0
2023_17_MIA_BAL,2023,17,BAL,J.Tucker,0,0,8,8,8,
2023_17_MIA_BAL,2023,17,MIA,J.Sanders,2,2,1,1,7,38.0
2023_17_NE_BUF,2023,17,BUF,T.Bass,2,2,3,3,9,35.0
2023_17_NE_BUF,2023,17,NE,C.Ryland,0,1,3,3,3,
2023_17_NO_TB,2023,17,NO,B.Grupe,3,3,2,2,11,45.0
2023_17_NO_TB,2023,17,TB,C.McLaughlin,0,0,1,1,1,
2023_17_NYJ_CLE,2023,17,CLE,R.Patterson,1,1,4,5,7,33.0
2023_17_NYJ_CLE,2023,17,NYJ,G.Zuerlein,2,3,2,2,8,46.0
2023_17_PIT_SEA,2023,17,PIT,C.Boswell,3,3,3,3,12,39.0
2023_17_PIT_SEA,2023,17,SEA,J.Myers,3,3,2,2,11,43.0
2023_17_SF_WAS,2023,17,SF,J.Moody,2,2,3,3,9,38.0
2023_17_SF_WAS,2023,17,WAS,J.Slye,1,1,1,1,4,47.0
2023_17_TEN_HOU,2023,17,HOU,K.Fairbairn,4,4,2,2,14,51.0
2023_17_TEN_HOU,2023,17,TEN,N.Folk,1,1,0,0,3,53.0
2023_18_ATL_NO,2023,18,ATL,Y.Koo,1,1,2,2,5,30.0
2023_18_ATL_NO,2023,18,NO,B.Grupe,2,2,6,6,12,24.0
2023_18_BUF_MIA,2023,18,BUF,T.Bass,0,0,3,3,3,
2023_18_BUF_MIA,2023,18,MIA,J.Sanders,0,0,2,2,2,
2023_18_CHI_GB,2023,18,CHI,C.Santos,3,3,0,0,9,50.0
2023_18_CHI_GB,2023,18,GB,A.Carlson,1,2,2,2,5,25.0
2023_18_CLE_CIN,2023,18,CIN,E.McPherson,1,1,4,4,7,45.0
2023_18_CLE_CIN,2023,18,CLE,R.Patterson,0,0,2,2,2,
2023_18_DAL_WAS,2023,18,DAL,B.Aubrey,1,3,5,5,8,50.0
2023_18_DAL_WAS,2023,18,WAS,J.Slye,1,1,1,1,4,36.0
2023_18_DEN_LV,2023,18,DEN,W.Lutz,0,0,2,2,2,
2023_18_DEN_LV,2023,18,LV,D.Carlson,2,2,3,3,9,49.0
2023_18_HOU_IND,2023,18,HOU,K.Fairbairn,1,1,2,3,5,51.0
2023_18_HOU_IND,2023,18,IND,M.Gay,3,4,0,0,9,52.0
2023_18_JAX_TEN,2023,18,JAX,B.McManus,2,2,2,2,8,44.0
2023_18_JAX_TEN,2023,18,TEN,N.Folk,0,0,4,4,4,
2023_18_KC_LAC,2023,18,KC,H.Butker,2,2,1,1,7,41.0
2023_18_KC_LAC,2023,18,LAC,C.Dicker,4,4,0,0,12,49.0
2023_18_LA_SF,2023,18,LA,B.Maher,0,0,1,2,1,
2023_18_LA_SF,2023,18,SF,J.Moody,0,1,2,3,2,
2023_18_MIN_DET,2023,18,DET,M.Badgley,1,1,3,4,6,39.0
2023_18_MIN_DET,2023,18,MIN,G.Joseph,2,2,2,2,8,43.0
2023_18_NYJ_NE,2023,18,NE,C.Ryland,1,1,0,0,3,30.0
2023_18_NYJ_NE,2023,18,NYJ,G.Zuerlein,3,4,0,0,9,40.0
2023_18_PHI_NYG,2023,18,NYG,M.Crosby,2,3,3,3,9,24.0
2023_18_PHI_NYG,2023,18,PHI,J.Elliott,1,1,1,1,4,36.0
2023_18_PIT_BAL,2023,18,BAL,J.Tucker,1,1,1,1,4,36.0
2023_18_PIT_BAL,2023,18,PIT,C.Boswell,1,1,2,2,5,25.0
2023_18_SEA_ARI,2023,18,ARI,M.Prater,2,4,2,2,8,34.0
2023_18_SEA_ARI,2023,18,SEA,J.Myers,2,2,1,1,7,33.0
2023_18_TB_CAR,2023,18,CAR,M.Wright,0,1,0,0,0,
2023_18_TB_CAR,2023,18,TB,C.McLaughlin,3,3,0,0,9,57.0
2024_01_ARI_BUF,2024,1,ARI,M.Prater,2,2,2,2,8,31.0
2024_01_ARI_BUF,2024,1,BUF,T.Bass,2,2,4,4,10,39.0
2024_01_BAL_KC,2024,1,BAL,J.Tucker,2,3,2,2,8,32.0
2024_01_BAL_KC,2024,1,KC,H.Butker,2,2,3,3,9,32.0
2024_01_CAR_NO,2024,1,CAR,E.Pineiro,1,1,1,1,4,43.0
2024_01_CAR_NO,2024,1,NO,B.Grupe,4,4,5,5,17,57.0
2024_01_DAL_CLE,2024,1,CLE,D.Hopkins,1,1,2,2,5,51.0
2024_01_DAL_CLE,2024,1,DAL,B.Aubrey,4,4,3,3,15,57.0
2024_01_DEN_SEA,2024,1,DEN,W.Lutz,3,3,1,1,10,45.0
2024_01_DEN_SEA,2024,1,SEA,J.Myers,2,2,2,2,8,50.0
2024_01_GB_PHI,2024,1,GB,B.Narveson,3,4,2,2,11,31.0
2024_01_GB_PHI,2024,1,PHI,J.Elliott,2,2,4,4,10,38.0
2024_01_HOU_IND,2024,1,HOU,K.Fairbairn,3,3,2,2,11,51.0
2024_01_HOU_IND,2024,1,IND,S.Shrader,0,0,3,3,3,
2024_01_JAX_MIA,2024,1,JAX,C.Little,1,1,2,2,5,53.0
2024_01_JAX_MIA,2024,1,MIA,J.Sanders,2,3,2,2,8,52.0
2024_01_LA_DET,2024,1,DET,J.Bates,2,2,2,2,8,32.0
2024_01_LA_DET,2024,1,LA,J.Karty,2,2,2,2,8,41.0
2024_01_LV_LAC,2024,1,LAC,C.Dicker,3,3,1,1,10,53.0
2024_01_LV_LAC,2024,1,LV,D.Carlson,1,2,1,1,4,32.0
2024_01_MIN_NYG,2024,1,MIN,W.Reichard,0,0,4,4,4,
2024_01_MIN_NYG,2024,1,NYG,G.Gano,2,2,0,0,6,50.0
2024_01_NE_CIN,2024,1,CIN,E.McPherson,1,1,1,1,4,51.0
2024_01_NE_CIN,2024,1,NE,J.Slye,3,3,1,1,10,37.0
2024_01_NYJ_SF,2024,1,NYJ,G.Zuerlein,0,0,1,1,1,
2024_01_NYJ_SF,2024,1,SF,J.Moody,6,6,2,2,20,53.0
2024_01_PIT_ATL,2024,1,ATL,Y.Koo,1,1,1,1,4,24.0
2024_01_PIT_ATL,2024,1,PIT,C.Boswell,6,6,0,0,18,57.0
2024_01_TEN_CHI,2024,1,CHI,C.Santos,3,3,1,1,10,50.0
2024_01_TEN_CHI,2024,1,TEN,N.Folk,1,1,2,2,5,40.0
2024_01_WAS_TB,2024,1,TB,C.McLaughlin,3,3,4,4,13,56.0
2024_01_WAS_TB,2024,1,WAS,C.York,0,2,2,2,2,
2024_02_ATL_PHI,2024,2,ATL,Y.Koo,3,3,1,1,10,39.0
2024_02_ATL_PHI,2024,2,PHI,J.Elliott,2,2,1,1,7,29.0
2024_02_BUF_MIA,2024,2,BUF,T.Bass,1,2,4,4,7,43.0
2024_02_BUF_MIA,2024,2,MIA,J.Sanders,1,1,1,1,4,34.0
2024_02_CHI_HOU,2024,2,CHI,C.Santos,2,2,1,1,7,54.0
2024_02_CHI_HOU,2024,2,HOU,K.Fairbairn,4,4,1,1,13,59.0
2024_02_CIN_KC,2024,2,CIN,E.McPherson,4,4,1,2,13,53.0
2024_02_CIN_KC,2024,2,KC,H.Butker,2,2,2,2,8,51.0
2024_02_CLE_JAX,2024,2,CLE,D.Hopkins,3,3,1,1,10,53.0
2024_02_CLE_JAX,2024,2,JAX,C.Little,2,3,1,1,7,25.0
2024_02_IND_GB,2024,2,GB,B.Narveson,3,4,1,1,10,46.0
2024_02_IND_GB,2024,2,IND,M.Gay,1,2,1,1,4,34.0
2024_02_LAC_CAR,2024,2,CAR,E.Pineiro,1,1,0,0,3,38.0
2024_02_LAC_CAR,2024,2,LAC,C.Dicker,2,2,2,3,8,46.0
2024_02_LA_ARI,2024,2,ARI,M.Prater,2,2,5,5,11,57.0
2024_02_LA_ARI,2024,2,LA,J.Karty,1,1,1,1,4,29.0
2024_02_LV_BAL,2024,2,BAL,J.Tucker,3,4,2,2,11,48.0
2024_02_LV_BAL,2024,2,LV,D.Carlson,4,4,2,2,14,53.0
2024_02_NO_DAL,2024,2,DAL,B.Aubrey,4,4,1,1,13,52.0
2024_02_NO_DAL,2024,2,NO,B.Grupe,1,1,5,6,8,26.0
2024_02_NYG_WAS,2024,2,NYG,J.Gillan,0,0,0,1,0,
2024_02_NYG_WAS,2024,2,WAS,A.Seibert,7,7,0,0,21,45.0
2024_02_NYJ_TEN,2024,2,NYJ,G.Zuerlein,1,1,3,3,6,33.0
2024_02_NYJ_TEN,2024,2,TEN,N.Folk,1,1,2,2,5,41.0
2024_02_PIT_DEN,2024,2,DEN,W.Lutz,2,2,0,0,6,35.0
2024_02_PIT_DEN,2024,2,PIT,C.Boswell,2,2,1,1,7,53.0
2024_02_SEA_NE,2024,2,NE,J.Slye,2,3,2,2,8,29.0
2024_02_SEA_NE,2024,2,SEA,J.Myers,3,3,2,2,11,44.0
2024_02_SF_MIN,2024,2,MIN,W.Reichard,3,3,2,2,11,39.0
2024_02_SF_MIN,2024,2,SF,J.Moody,1,1,2,2,5,31.0
2024_02_TB_DET,2024,2,DET,J.Bates,3,3,1,1,10,35.0
2024_02_TB_DET,2024,2,TB,C.McLaughlin,2,2,2,2,8,55.0
2024_03_BAL_DAL,2024,3,BAL,J.Tucker,0,1,4,4,4,
2024_03_BAL_DAL,2024,3,DAL,B.Aubrey,2,2,1,1,7,65.0
2024_03_CAR_LV,2024,3,CAR,E.Pineiro,3,3,3,3,12,43.0
2024_03_CAR_LV,2024,3,LV,D.Carlson,0,1,2,2,2,
2024_03_CHI_IND,2024,3,CHI,C.Santos,1,2,1,1,4,53.0
2024_03_CHI_IND,2024,3,IND,M.Gay,0,0,3,3,3,
2024_03_DEN_TB,2024,3,DEN,W.Lutz,4,4,2,2,14,43.0
2024_03_DEN_TB,2024,3,TB,C.McLaughlin,0,0,1,1,1,
2024_03_DET_ARI,2024,3,ARI,M.Prater,2,2,1,1,7,45.0
2024_03_DET_ARI,2024,3,DET,J.Bates,0,0,2,3,2,
2024_03_GB_TEN,2024,3,GB,B.Narveson,3,3,3,3,12,47.0
2024_03_GB_TEN,2024,3,TEN,N.Folk,0,0,2,2,2,
2024_03_HOU_MIN,2024,3,HOU,K.Fairbairn,0,1,1,1,1,
2024_03_HOU_MIN,2024,3,MIN,W.Reichard,2,2,4,4,10,58.0
2024_03_JAX_BUF,2024,3,BUF,T.Bass,2,2,5,6,11,43.0
2024_03_JAX_BUF,2024,3,JAX,C.Little,1,1,1,1,4,41.0
2024_03_KC_ATL,2024,3,ATL,Y.Koo,1,1,2,2,5,54.0
2024_03_KC_ATL,2024,3,KC,H.Butker,3,3,1,2,10,53.0
2024_03_LAC_PIT,2024,3,LAC,C.Dicker,1,1,1,1,4,28.0
2024_03_LAC_PIT,2024,3,PIT,C.Boswell,2,3,2,2,8,38.0
2024_03_MIA_SEA,2024,3,MIA,J.Sanders,1,2,0,0,3,23.0
2024_03_MIA_SEA,2024,3,SEA,J.Myers,1,2,3,3,6,56.0
2024_03_NE_NYJ,2024,3,NE,J.Slye,1,1,0,0,3,44.0
2024_03_NE_NYJ,2024,3,NYJ,G.Zuerlein,1,2,3,3,6,28.0
2024_03_NYG_CLE,2024,3,CLE,D.Hopkins,0,1,1,1,1,
2024_03_NYG_CLE,2024,3,NYG,G.Joseph,0,1,3,3,3,
2024_03_PHI_NO,2024,3,NO,B.Grupe,2,2,0,0,6,38.0
2024_03_PHI_NO,2024,3,PHI,J.Elliott,0,1,1,1,1,
2024_03_SF_LA,2024,3,LA,J.Karty,2,2,3,3,9,37.0
2024_03_SF_LA,2024,3,SF,J.Moody,1,2,3,3,6,26.0
2024_03_WAS_CIN,2024,3,CIN,E.McPherson,2,3,3,3,9,31.0
2024_03_WAS_CIN,2024,3,WAS,A.Seibert,1,1,5,5,8,42.0
2024_04_BUF_BAL,2024,4,BAL,J.Tucker,0,0,5,5,5,
2024_04_BUF_BAL,2024,4,BUF,T.Bass,1,2,1,1,4,50.0
2024_04_CIN_CAR,2024,4,CAR,E.Pineiro,1,1,3,3,6,48.0
2024_04_CIN_CAR,2024,4,CIN,E.McPherson,2,2,4,4,10,56.0
2024_04_CLE_LV,2024,4,CLE,D.Hopkins,1,1,1,2,4,56.0
2024_04_CLE_LV,2024,4,LV,D.Carlson,2,2,2,2,8,52.0
2024_04_DAL_NYG,2024,4,DAL,B.Aubrey,2,3,2,2,8,60.0
2024_04_DAL_NYG,2024,4,NYG,G.Joseph,5,5,0,0,15,52.0
2024_04_DEN_NYJ,2024,4,DEN,W.Lutz,1,2,1,1,4,47.0
2024_04_DEN_NYJ,2024,4,NYJ,G.Zuerlein,3,4,0,0,9,40.0
2024_04_JAX_HOU,2024,4,HOU,K.Fairbairn,1,1,3,3,6,30.0
2024_04_JAX_HOU,2024,4,JAX,C.Little,2,2,2,2,8,52.0
2024_04_KC_LAC,2024,4,KC,H.Butker,1,2,2,2,5,37.0
2024_04_KC_LAC,2024,4,LAC,C.Dicker,1,2,1,1,4,50.0
2024_04_LA_CHI,2024,4,CHI,C.Santos,1,1,3,3,6,40.0
2024_04_LA_CHI,2024,4,LA,J.Karty,4,5,0,0,12,52.0
2024_04_MIN_GB,2024,4,GB,B.Narveson,0,2,3,3,3,
2024_04_MIN_GB,2024,4,MIN,W.Reichard,1,1,4,4,7,33.0
2024_04_NE_SF,2024,4,NE,J.Slye,2,2,1,1,7,63.0
2024_04_NE_SF,2024,4,SF,J.Moody,3,3,3,3,12,41.0
2024_04_NO_ATL,2024,4,ATL,Y.Koo,4,4,2,2,14,58.0
2024_04_NO_ATL,2024,4,NO,B.Grupe,1,1,3,3,6,43.0
2024_04_PHI_TB,2024,4,PHI,J.Elliott,0,0,2,2,2,
2024_04_PHI_TB,2024,4,TB,C.McLaughlin,2,2,3,4,9,52.0
2024_04_PIT_IND,2024,4,IND,M.Gay,2,3,3,3,9,35.0
2024_04_PIT_IND,2024,4,PIT,C.Boswell,1,1,3,3,6,50.0
2024_04_SEA_DET,2024,4,DET,J.Bates,0,0,6,6,6,
2024_04_SEA_DET,2024,4,SEA,J.Myers,0,1,3,3,3,
2024_04_TEN_MIA,2024,4,MIA,J.Sanders,2,2,0,0,6,56.0
2024_04_TEN_MIA,2024,4,TEN,N.Folk,5,5,2,2,17,53.0
2024_04_WAS_ARI,2024,4,ARI,M.Prater,0,0,2,2,2,
2024_04_WAS_ARI,2024,4,WAS,A.Seibert,2,2,4,4,10,45.0
2024_05_ARI_SF,2024,5,ARI,C.Ryland,3,4,1,1,10,42.0
2024_05_ARI_SF,2024,5,SF,J.Moody,2,2,2,2,8,28.0
2024_05_ARI_SF,2024,5,SF,M.Wishnowsky,1,1,0,0,3,26.0
2024_05_BAL_CIN,2024,5,BAL,J.Tucker,2,2,5,5,11,56.0
2024_05_BAL_CIN,2024,5,CIN,E.McPherson,0,1,4,4,4,
2024_05_BUF_HOU,2024,5,BUF,T.Bass,2,2,2,2,8,38.0
2024_05_BUF_HOU,2024,5,HOU,K.Fairbairn,3,3,2,2,11,59.0
2024_05_CAR_CHI,2024,5,CAR,E.Pineiro,1,2,1,1,4,27.0
2024_05_CAR_CHI,2024,5,CHI,C.Santos,1,1,3,4,6,33.0
2024_05_CLE_WAS,2024,5,CLE,D.Hopkins,2,2,1,1,7,51.0
2024_05_CLE_WAS,2024,5,WAS,A.Seibert,2,2,4,4,10,30.0
2024_05_DAL_PIT,2024,5,DAL,B.Aubrey,2,3,2,2,8,55.0
2024_05_DAL_PIT,2024,5,PIT,C.Boswell,1,1,2,2,5,41.0
2024_05_GB_LA,2024,5,GB,B.Narveson,1,1,3,3,6,46.0
2024_05_GB_LA,2024,5,LA,J.Karty,0,0,1,2,1,
2024_05_IND_JAX,2024,5,IND,M.Gay,2,2,4,4,10,37.0
2024_05_IND_JAX,2024,5,JAX,C.Little,3,3,4,4,13,49.0
2024_05_LV_DEN,2024,5,DEN,W.Lutz,2,2,4,4,10,51.0
2024_05_LV_DEN,2024,5,LV,D.Carlson,1,1,1,1,4,40.0
2024_05_MIA_NE,2024,5,MIA,J.Sanders,3,4,0,0,9,54.0
2024_05_MIA_NE,2024,5,NE,J.Slye,1,2,1,1,4,38.0
2024_05_NO_KC,2024,5,KC,H.Butker,4,5,2,2,14,38.0
2024_05_NO_KC,2024,5,NO,B.Grupe,0,0,1,2,1,
2024_05_NYG_SEA,2024,5,NYG,G.Joseph,3,3,2,2,11,38.0
2024_05_NYG_SEA,2024,5,SEA,J.Myers,2,3,2,2,8,48.0
2024_05_NYJ_MIN,2024,5,MIN,W.Reichard,3,3,2,2,11,54.0
2024_05_NYJ_MIN,2024,5,NYJ,G.Zuerlein,1,1,2,2,5,32.0
2024_05_TB_ATL,2024,5,ATL,Y.Koo,3,5,3,3,12,54.0
2024_05_TB_ATL,2024,5,TB,C.McLaughlin,3,3,3,3,12,53.0
2024_06_ARI_GB,2024,6,ARI,C.Ryland,2,2,1,1,7,40.0
2024_06_ARI_GB,2024,6,GB,B.Narveson,2,3,4,4,10,41.0
2024_06_ATL_CAR,2024,6,ATL,Y.Koo,3,3,3,3,12,35.0
2024_06_ATL_CAR,2024,6,CAR,E.Pineiro,2,2,2,2,8,40.0
2024_06_BUF_NYJ,2024,6,BUF,T.Bass,1,2,2,3,5,22.0
2024_06_BUF_NYJ,2024,6,NYJ,G.Zuerlein,2,4,2,2,8,34.0
2024_06_CIN_NYG,2024,6,CIN,E.McPherson,1,1,2,2,5,37.0
2024_06_CIN_NYG,2024,6,NYG,G.Joseph,0,2,1,1,1,
2024_06_CLE_PHI,2024,6,CLE,D.Hopkins,3,4,1,1,10,49.0
2024_06_CLE_PHI,2024,6,PHI,J.Elliott,2,3,2,2,8,49.0
2024_06_DET_DAL,2024,6,DAL,B.Aubrey,3,3,0,0,9,50.0
2024_06_DET_DAL,2024,6,DET,J.Bates,4,4,5,5,17,48.0
2024_06_HOU_NE,2024,6,HOU,K.Fairbairn,2,3,5,5,11,46.0
2024_06_HOU_NE,2024,6,NE,J.Slye,0,0,3,3,3,
2024_06_IND_TEN,2024,6,IND,M.Gay,2,2,2,2,8,26.0
2024_06_IND_TEN,2024,6,TEN,N.Folk,1,1,2,2,5,44.0
2024_06_JAX_CHI,2024,6,CHI,C.Santos,0,1,5,5,5,
2024_06_JAX_CHI,2024,6,JAX,C.Little,1,1,1,1,4,30.0
2024_06_LAC_DEN,2024,6,DEN,W.Lutz,1,1,1,1,4,40.0
2024_06_LAC_DEN,2024,6,LAC,C.Dicker,3,3,2,2,11,46.0
2024_06_PIT_LV,2024,6,LV,D.Carlson,0,0,1,1,1,
2024_06_PIT_LV,2024,6,PIT,C.Boswell,4,4,2,2,14,52.0
2024_06_SF_SEA,2024,6,SEA,J.Myers,1,1,3,3,6,20.0
2024_06_SF_SEA,2024,6,SF,M.Wright,3,3,3,3,12,41.0
2024_06_TB_NO,2024,6,NO,B.Grupe,2,2,3,3,9,42.0
2024_06_TB_NO,2024,6,TB,C.McLaughlin,1,1,6,6,9,26.0
2024_06_WAS_BAL,2024,6,BAL,J.Tucker,3,3,3,3,12,45.0
2024_06_WAS_BAL,2024,6,WAS,A.Seibert,3,4,2,2,11,55.0
2024_07_BAL_TB,2024,7,BAL,J.Tucker,2,2,5,5,11,52.0
2024_07_BAL_TB,2024,7,TB,C.McLaughlin,1,2,2,2,5,23.0
2024_07_CAR_WAS,2024,7,CAR,E.Pineiro,0,0,1,1,1,
2024_07_CAR_WAS,2024,7,WAS,A.Seibert,4,4,4,4,16,49.0
2024_07_CIN_CLE,2024,7,CIN,E.McPherson,0,1,3,3,3,
2024_07_CIN_CLE,2024,7,CLE,D.Hopkins,0,1,0,1,0,
2024_07_DEN_NO,2024,7,DEN,W.Lutz,4,4,3,3,15,52.0
2024_07_DEN_NO,2024,7,NO,B.Grupe,1,1,1,1,4,35.0
2024_07_DET_MIN,2024,7,DET,J.Bates,1,1,4,4,7,44.0
2024_07_DET_MIN,2024,7,MIN,W.Reichard,3,3,2,2,11,57.0
2024_07_HOU_GB,2024,7,GB,B.McManus,1,1,3,3,6,45.0
2024_07_HOU_GB,2024,7,HOU,K.Fairbairn,3,3,1,1,10,52.0
2024_07_KC_SF,2024,7,KC,H.Butker,0,0,4,4,4,
2024_07_KC_SF,2024,7,SF,A.Carlson,2,2,0,1,6,55.0
2024_07_LAC_ARI,2024,7,ARI,C.Ryland,1,1,2,2,5,32.0
2024_07_LAC_ARI,2024,7,LAC,C.Dicker,5,5,0,0,15,59.0
2024_07_LV_LA,2024,7,LA,J.Karty,0,1,2,3,2,
2024_07_LV_LA,2024,7,LV,D.Carlson,5,5,0,0,15,47.0
2024_07_MIA_IND,2024,7,IND,M.Gay,3,3,1,1,10,52.0
2024_07_MIA_IND,2024,7,MIA,J.Sanders,1,2,1,1,4,33.0
2024_07_NE_JAX,2024,7,JAX,C.Little,1,1,3,3,6,21.0
2024_07_NE_JAX,2024,7,NE,J.Slye,1,1,1,1,4,41.0
2024_07_NYJ_PIT,2024,7,NYJ,G.Zuerlein,0,1,1,1,1,
2024_07_NYJ_PIT,2024,7,PIT,C.Boswell,3,3,4,4,13,46.0
2024_07_PHI_NYG,2024,7,NYG,G.Joseph,1,1,0,0,3,38.0
2024_07_PHI_NYG,2024,7,PHI,J.Elliott,0,0,4,4,4,
2024_07_SEA_ATL,2024,7,ATL,Y.Koo,0,1,2,2,2,
2024_07_SEA_ATL,2024,7,SEA,J.Myers,2,2,4,4,10,59.0
2024_07_TEN_BUF,2024,7,BUF,T.Bass,2,2,4,4,10,30.0
2024_07_TEN_BUF,2024,7,TEN,N.Folk,1,1,1,1,4,25.0
2024_08_ARI_MIA,2024,8,ARI,C.Ryland,2,2,2,2,8,57.0
2024_08_ARI_MIA,2024,8,MIA,J.Sanders,2,2,3,3,9,53.0
2024_08_ATL_TB,2024,8,ATL,Y.Koo,1,2,4,4,7,39.0
2024_08_ATL_TB,2024,8,TB,C.McLaughlin,1,1,3,3,6,52.0
2024_08_BAL_CLE,2024,8,BAL,J.Tucker,1,2,3,3,6,49.0
2024_08_BAL_CLE,2024,8,CLE,D.Hopkins,3,3,2,2,11,48.0
2024_08_BUF_SEA,2024,8,BUF,T.Bass,1,1,4,4,7,27.0
2024_08_BUF_SEA,2024,8,SEA,J.Myers,1,1,1,1,4,38.0
2024_08_CAR_DEN,2024,8,CAR,E.Pineiro,0,0,2,2,2,
2024_08_CAR_DEN,2024,8,DEN,W.Lutz,0,0,4,4,4,
2024_08_CHI_WAS,2024,8,CHI,C.Santos,0,0,1,1,1,
2024_08_CHI_WAS,2024,8,WAS,A.Seibert,4,5,0,0,12,47.0
2024_08_DAL_SF,2024,8,DAL,B.Aubrey,1,1,3,3,6,29.0
2024_08_DAL_SF,2024,8,SF,A.Carlson,3,3,3,3,12,50.0
2024_08_GB_JAX,2024,8,GB,B.McManus,3,3,3,3,12,38.0
2024_08_GB_JAX,2024,8,JAX,C.Little,2,2,3,3,9,47.0
2024_08_IND_HOU,2024,8,HOU,K.Fairbairn,3,3,2,2,11,35.0
2024_08_IND_HOU,2024,8,IND,M.Gay,2,2,2,2,8,46.0
2024_08_KC_LV,2024,8,KC,H.Butker,2,2,3,3,9,42.0
2024_08_KC_LV,2024,8,LV,D.Carlson,2,2,2,2,8,54.0
2024_08_MIN_LA,2024,8,LA,J.Karty,0,0,4,4,4,
2024_08_MIN_LA,2024,8,MIN,W.Reichard,2,2,2,2,8,35.0
2024_08_NO_LAC,2024,8,LAC,C.Dicker,2,2,2,3,8,46.0
2024_08_NO_LAC,2024,8,NO,B.Grupe,2,3,0,0,6,43.0
2024_08_NYG_PIT,2024,8,NYG,G.Joseph,4,4,0,0,12,48.0
2024_08_NYG_PIT,2024,8,PIT,C.Boswell,4,4,2,2,14,31.0
2024_08_NYJ_NE,2024,8,NE,J.Slye,1,1,2,2,5,23.0
2024_08_NYJ_NE,2024,8,NYJ,G.Zuerlein,1,2,1,2,4,29.0
2024_08_PHI_CIN,2024,8,CIN,E.McPherson,1,2,2,2,5,27.0
2024_08_PHI_CIN,2024,8,PHI,J.Elliott,3,3,4,4,13,49.0
2024_08_TEN_DET,2024,8,DET,J.Bates,1,1,7,7,10,51.0
2024_08_TEN_DET,2024,8,TEN,N.Folk,0,0,2,2,2,
2024_09_CHI_ARI,2024,9,ARI,C.Ryland,2,2,3,3,9,55.0
2024_09_CHI_ARI,2024,9,CHI,C.Santos,3,3,0,0,9,53.0
2024_09_DAL_ATL,2024,9,ATL,Y.Koo,0,0,3,3,3,
2024_09_DAL_ATL,2024,9,DAL,B.Aubrey,2,2,1,1,7,57.0
2024_09_DEN_BAL,2024,9,BAL,J.Tucker,2,2,5,5,11,37.0
2024_09_DEN_BAL,2024,9,DEN,W.Lutz,1,1,1,1,4,37.0
2024_09_DET_GB,2024,9,DET,J.Bates,1,1,3,3,6,27.0
2024_09_DET_GB,2024,9,GB,B.McManus,2,3,0,0,6,38.0
2024_09_HOU_NYJ,2024,9,HOU,K.Fairbairn,2,4,1,1,7,54.0
2024_09_HOU_NYJ,2024,9,NYJ,R.Patterson,0,0,3,3,3,
2024_09_IND_MIN,2024,9,IND,M.Gay,2,3,1,1,7,54.0
2024_09_IND_MIN,2024,9,MIN,W.Reichard,0,2,3,3,3,
2024_09_JAX_PHI,2024,9,JAX,C.Little,0,0,1,1,1,
2024_09_JAX_PHI,2024,9,PHI,J.Elliott,1,2,1,1,4,43.0
2024_09_LAC_CLE,2024,9,CLE,D.Hopkins,1,2,1,1,4,38.0
2024_09_LAC_CLE,2024,9,LAC,C.Dicker,0,1,3,4,3,
2024_09_LA_SEA,2024,9,LA,J.Karty,2,2,2,2,8,38.0
2024_09_LA_SEA,2024,9,SEA,J.Myers,0,0,2,3,2,
2024_09_LV_CIN,2024,9,CIN,E.McPherson,2,2,5,5,11,44.0
2024_09_LV_CIN,2024,9,LV,D.Carlson,1,1,3,3,6,46.0
2024_09_MIA_BUF,2024,9,BUF,T.Bass,3,3,1,2,10,61.0
2024_09_MIA_BUF,2024,9,MIA,J.Sanders,2,2,3,3,9,39.0
2024_09_NE_TEN,2024,9,NE,J.Slye,1,2,2,2,5,52.0
2024_09_NE_TEN,2024,9,TEN,N.Folk,2,2,2,2,8,25.0
2024_09_NO_CAR,2024,9,CAR,E.Pineiro,1,1,2,2,5,48.0
2024_09_NO_CAR,2024,9,NO,B.Grupe,3,3,1,1,10,51.0
2024_09_TB_KC,2024,9,KC,H.Butker,1,1,3,3,6,40.0
2024_09_TB_KC,2024,9,TB,C.McLaughlin,1,1,3,3,6,47.0
2024_09_WAS_NYG,2024,9,NYG,J.McAtamney,1,1,1,1,4,31.0
2024_09_WAS_NYG,2024,9,WAS,A.Seibert,2,2,3,3,9,31.0
2024_10_ATL_NO,2024,10,ATL,Y.Koo,1,4,2,2,5,27.0
2024_10_ATL_NO,2024,10,NO,B.Grupe,2,2,2,2,8,38.0
2024_10_BUF_IND,2024,10,BUF,T.Bass,3,3,3,3,12,47.0
2024_10_BUF_IND,2024,10,IND,M.Gay,2,2,2,2,8,27.0
2024_10_CIN_BAL,2024,10,BAL,J.Tucker,0,0,3,4,3,
2024_10_CIN_BAL,2024,10,CIN,E.McPherson,0,0,4,4,4,
2024_10_DEN_KC,2024,10,DEN,W.Lutz,0,2,2,2,2,
2024_10_DEN_KC,2024,10,KC,H.Butker,3,3,1,1,10,36.0
2024_10_DET_HOU,2024,10,DET,J.Bates,2,2,2,2,8,58.0
2024_10_DET_HOU,2024,10,HOU,K.Fairbairn,3,4,2,2,11,56.0
2024_10_MIA_LA,2024,10,LA,J.Karty,5,6,0,0,15,55.0
2024_10_MIA_LA,2024,10,MIA,J.Sanders,3,3,2,2,11,50.0
2024_10_MIN_JAX,2024,10,JAX,C.Little,0,0,1,1,1,
2024_10_MIN_JAX,2024,10,MIN,J.Romo,4,4,0,0,12,45.0
2024_10_NE_CHI,2024,10,CHI,C.Santos,1,1,0,0,3,33.0
2024_10_NE_CHI,2024,10,NE,J.Slye,4,4,1,1,13,37.0
2024_10_NYG_CAR,2024,10,CAR,E.Pineiro,2,2,2,2,8,53.0
2024_10_NYG_CAR,2024,10,NYG,G.Gano,1,2,2,2,5,42.0
2024_10_NYJ_ARI,2024,10,ARI,C.Ryland,1,1,4,4,7,37.0
2024_10_NYJ_ARI,2024,10,NYJ,S.Shrader,2,2,0,0,6,45.0
2024_10_PHI_DAL,2024,10,DAL,B.Aubrey,2,2,0,0,6,46.0
2024_10_PHI_DAL,2024,10,PHI,J.Elliott,2,2,4,4,10,39.0
2024_10_PIT_WAS,2024,10,PIT,C.Boswell,0,0,4,4,4,
2024_10_PIT_WAS,2024,10,WAS,Z.Gonzalez,2,2,3,3,9,48.0
2024_10_SF_TB,2024,10,SF,J.Moody,3,6,2,2,11,44.0
2024_10_SF_TB,2024,10,TB,C.McLaughlin,2,2,2,2,8,30.0
2024_10_TEN_LAC,2024,10,LAC,C.Dicker,2,2,3,3,9,37.0
2024_10_TEN_LAC,2024,10,TEN,N.Folk,1,2,2,2,5,27.0
2024_11_ATL_DEN,2024,11,ATL,Y.Koo,2,2,0,0,6,51.0
2024_11_ATL_DEN,2024,11,DEN,W.Lutz,1,1,5,5,8,45.0
2024_11_BAL_PIT,2024,11,BAL,J.Tucker,1,3,1,1,4,54.0
2024_11_BAL_PIT,2024,11,PIT,C.Boswell,6,6,0,0,18,57.0
2024_11_CIN_LAC,2024,11,CIN,E.McPherson,2,4,3,3,9,27.0
2024_11_CIN_LAC,2024,11,LAC,C.Dicker,2,2,4,4,10,53.0
2024_11_CLE_NO,2024,11,CLE,D.Hopkins,0,2,0,0,0,
2024_11_CLE_NO,2024,11,NO,B.Grupe,0,0,5,5,5,
2024_11_GB_CHI,2024,11,CHI,C.Santos,2,3,1,1,7,53.0
2024_11_GB_CHI,2024,11,GB,B.McManus,0,0,2,2,2,
2024_11_HOU_DAL,2024,11,DAL,B.Aubrey,1,2,1,1,4,53.0
2024_11_HOU_DAL,2024,11,HOU,K.Fairbairn,2,2,4,4,10,33.0
2024_11_IND_NYJ,2024,11,IND,M.Gay,3,3,1,1,10,56.0
2024_11_IND_NYJ,2024,11,NYJ,A.Carlson,2,2,3,3,9,58.0
2024_11_JAX_DET,2024,11,DET,J.Bates,1,1,7,7,10,54.0
2024_11_JAX_DET,2024,11,JAX,C.Little,2,2,0,0,6,59.0
2024_11_KC_BUF,2024,11,BUF,T.Bass,1,1,3,4,6,33.0
2024_11_KC_BUF,2024,11,KC,S.Shrader,0,0,3,3,3,
2024_11_LA_NE,2024,11,LA,J.Karty,0,1,4,4,4,
2024_11_LA_NE,2024,11,NE,J.Slye,3,3,1,2,10,42.0
2024_11_LV_MIA,2024,11,LV,D.Carlson,2,2,1,1,7,27.0
2024_11_LV_MIA,2024,11,MIA,J.Sanders,2,2,4,4,10,46.0
2024_11_MIN_TEN,2024,11,MIN,J.Romo,1,1,2,3,5,40.0
2024_11_MIN_TEN,2024,11,TEN,N.Folk,2,2,1,1,7,43.0
2024_11_SEA_SF,2024,11,SEA,J.Myers,2,2,2,2,8,57.0
2024_11_SEA_SF,2024,11,SF,J.Moody,1,1,2,2,5,33.0
2024_11_WAS_PHI,2024,11,PHI,J.Elliott,2,4,2,3,8,31.0
2024_11_WAS_PHI,2024,11,WAS,Z.Gonzalez,1,1,1,1,4,45.0
2024_12_ARI_SEA,2024,12,ARI,C.Ryland,2,3,0,0,6,35.0
2024_12_ARI_SEA,2024,12,SEA,J.Myers,1,1,1,2,4,50.0
2024_12_BAL_LAC,2024,12,BAL,J.Tucker,1,1,3,3,6,45.0
2024_12_BAL_LAC,2024,12,LAC,C.Dicker,3,3,2,2,11,52.0
2024_12_DAL_WAS,2024,12,DAL,B.Aubrey,2,4,4,4,10,48.0
2024_12_DAL_WAS,2024,12,WAS,A.Seibert,2,3,0,2,6,51.0
2024_12_DEN_LV,2024,12,DEN,W.Lutz,5,5,2,2,17,54.0
2024_12_DEN_LV,2024,12,LV,D.Carlson,4,4,1,1,13,53.0
2024_12_DET_IND,2024,12,DET,J.Bates,1,1,3,3,6,56.0
2024_12_DET_IND,2024,12,IND,M.Gay,2,2,0,0,6,29.0
2024_12_KC_CAR,2024,12,CAR,E.Pineiro,4,4,1,1,13,33.0
2024_12_KC_CAR,2024,12,KC,S.Shrader,3,3,3,3,12,41.0
2024_12_MIN_CHI,2024,12,CHI,C.Santos,2,3,1,1,7,49.0
2024_12_MIN_CHI,2024,12,MIN,J.Romo,3,3,3,3,12,40.0
2024_12_NE_MIA,2024,12,MIA,J.Sanders,2,2,4,4,10,51.0
2024_12_NE_MIA,2024,12,NE,J.Slye,0,1,1,1,1,
2024_12_PHI_LA,2024,12,LA,J.Karty,0,1,2,2,2,
2024_12_PHI_LA,2024,12,PHI,J.Elliott,3,3,4,4,13,31.0
2024_12_PIT_CLE,2024,12,CLE,D.Hopkins,1,1,1,1,4,34.0
2024_12_PIT_CLE,2024,12,PIT,C.Boswell,2,3,1,1,7,48.0
2024_12_SF_GB,2024,12,GB,B.McManus,1,1,5,5,8,51.0
2024_12_SF_GB,2024,12,SF,J.Moody,1,1,1,1,4,48.0
2024_12_TB_NYG,2024,12,NYG,G.Gano,0,0,1,1,1,
2024_12_TB_NYG,2024,12,TB,C.McLaughlin,1,1,3,4,6,23.0
2024_12_TEN_HOU,2024,12,HOU,K.Fairbairn,2,3,3,3,9,54.0
2024_12_TEN_HOU,2024,12,TEN,N.Folk,3,3,3,3,12,56.0
2024_13_ARI_MIN,2024,13,ARI,C.Ryland,5,6,1,1,16,40.0
2024_13_ARI_MIN,2024,13,MIN,J.Romo,3,4,2,2,11,55.0
2024_13_CHI_DET,2024,13,CHI,C.Santos,0,0,2,2,2,
2024_13_CHI_DET,2024,13,DET,J.Bates,3,4,2,2,11,48.0
2024_13_CLE_DEN,2024,13,CLE,D.Hopkins,1,2,3,3,6,45.0
2024_13_CLE_DEN,2024,13,DEN,W.Lutz,2,2,5,5,11,36.0
2024_13_HOU_JAX,2024,13,HOU,K.Fairbairn,3,3,2,2,11,53.0
2024_13_HOU_JAX,2024,13,JAX,C.Little,2,3,0,0,6,33.0
2024_13_IND_NE,2024,13,IND,M.Gay,1,1,2,2,5,25.0
2024_13_IND_NE,2024,13,NE,J.Slye,3,5,1,1,10,54.0
2024_13_LAC_ATL,2024,13,ATL,Y.Koo,2,3,1,1,7,41.0
2024_13_LAC_ATL,2024,13,LAC,C.Dicker,3,3,0,0,9,51.0
2024_13_LA_NO,2024,13,LA,J.Karty,0,0,3,3,3,
2024_13_LA_NO,2024,13,NO,B.Grupe,2,3,0,0,6,54.0
2024_13_LV_KC,2024,13,KC,M.Wright,4,5,1,1,13,42.0
2024_13_LV_KC,2024,13,LV,D.Carlson,1,4,2,2,5,27.0
2024_13_MIA_GB,2024,13,GB,B.McManus,3,3,3,3,12,46.0
2024_13_MIA_GB,2024,13,MIA,J.Sanders,1,1,0,0,3,33.0
2024_13_NYG_DAL,2024,13,DAL,B.Aubrey,2,2,3,3,9,33.0
2024_13_NYG_DAL,2024,13,NYG,G.Gano,2,2,2,2,8,47.0
2024_13_PHI_BAL,2024,13,BAL,J.Tucker,2,4,1,2,7,50.0
2024_13_PHI_BAL,2024,13,PHI,J.Elliott,1,1,3,3,6,35.0
2024_13_PIT_CIN,2024,13,CIN,E.McPherson,1,1,5,5,8,38.0
2024_13_PIT_CIN,2024,13,PIT,C.Boswell,3,4,5,5,14,50.0
2024_13_SEA_NYJ,2024,13,NYJ,A.Carlson,0,0,1,2,1,
2024_13_SEA_NYJ,2024,13,SEA,J.Myers,2,2,2,3,8,54.0
2024_13_SF_BUF,2024,13,BUF,T.Bass,0,1,5,5,5,
2024_13_SF_BUF,2024,13,SF,J.Moody,1,3,1,1,4,33.0
2024_13_TB_CAR,2024,13,CAR,E.Pineiro,3,5,2,2,11,47.0
2024_13_TB_CAR,2024,13,TB,C.McLaughlin,4,5,2,2,14,51.0
2024_13_TEN_WAS,2024,13,TEN,N.Folk,2,2,1,1,7,44.0
2024_13_TEN_WAS,2024,13,WAS,Z.Gonzalez,0,2,6,6,6,
2024_14_ATL_MIN,2024,14,ATL,Y.Koo,2,2,1,1,7,29.0
2024_14_ATL_MIN,2024,14,MIN,W.Reichard,0,1,6,6,6,
2024_14_BUF_LA,2024,14,BUF,T.Bass,0,0,6,6,6,
2024_14_BUF_LA,2024,14,LA,J.Karty,1,1,5,6,8,22.0
2024_14_CAR_PHI,2024,14,CAR,E.Pineiro,1,1,1,2,4,38.0
2024_14_CAR_PHI,2024,14,PHI,J.Elliott,0,1,2,2,2,
2024_14_CHI_SF,2024,14,CHI,C.Santos,0,0,1,1,1,
2024_14_CHI_SF,2024,14,SF,J.Moody,1,1,5,5,8,23.0
2024_14_CIN_DAL,2024,14,CIN,C.York,2,2,3,3,9,37.0
2024_14_CIN_DAL,2024,14,DAL,B.Aubrey,2,2,2,2,8,47.0
2024_14_CLE_PIT,2024,14,CLE,D.Hopkins,0,2,2,2,2,
2024_14_CLE_PIT,2024,14,PIT,C.Boswell,2,2,3,3,9,54.0
2024_14_GB_DET,2024,14,DET,J.Bates,2,2,4,4,10,43.0
2024_14_GB_DET,2024,14,GB,B.McManus,1,1,4,4,7,32.0
2024_14_JAX_TEN,2024,14,JAX,C.Little,1,1,1,1,4,23.0
2024_14_JAX_TEN,2024,14,TEN,N.Folk,2,2,0,0,6,46.0
2024_14_LAC_KC,2024,14,KC,M.Wright,4,4,1,1,13,50.0
2024_14_LAC_KC,2024,14,LAC,C.Dicker,1,1,2,2,5,37.0
2024_14_LV_TB,2024,14,LV,D.Carlson,2,2,1,1,7,27.0
2024_14_LV_TB,2024,14,TB,C.McLaughlin,0,0,4,4,4,
2024_14_NO_NYG,2024,14,NO,B.Grupe,0,2,2,2,2,
2024_14_NO_NYG,2024,14,NYG,G.Gano,1,2,0,0,3,43.0
2024_14_NYJ_MIA,2024,14,MIA,J.Sanders,4,4,0,1,12,57.0
2024_14_NYJ_MIA,2024,14,NYJ,A.Carlson,4,4,2,2,14,42.0
2024_14_SEA_ARI,2024,14,ARI,C.Ryland,1,2,1,1,4,28.0
2024_14_SEA_ARI,2024,14,SEA,J.Myers,3,3,3,3,12,36.0
2024_15_ATL_LV,2024,15,ATL,Y.Koo,2,3,1,1,7,48.0
2024_15_ATL_LV,2024,15,LV,D.Carlson,1,1,0,1,3,52.0
2024_15_BAL_NYG,2024,15,BAL,J.Tucker,0,0,5,5,5,
2024_15_BAL_NYG,2024,15,NYG,G.Gano,0,0,2,2,2,
2024_15_BUF_DET,2024,15,BUF,T.Bass,2,3,6,6,12,50.0
2024_15_BUF_DET,2024,15,DET,J.Bates,0,1,6,6,6,
2024_15_CHI_MIN,2024,15,CHI,C.Santos,2,2,0,0,6,39.0
2024_15_CHI_MIN,2024,15,MIN,W.Reichard,3,3,3,3,12,52.0
2024_15_CIN_TEN,2024,15,CIN,C.York,1,1,4,5,7,21.0
2024_15_CIN_TEN,2024,15,TEN,N.Folk,0,0,3,3,3,
2024_15_DAL_CAR,2024,15,CAR,E.Pineiro,0,0,2,2,2,
2024_15_DAL_CAR,2024,15,DAL,B.Aubrey,3,4,3,3,12,52.0
2024_15_GB_SEA,2024,15,GB,B.McManus,3,3,3,3,12,39.0
2024_15_GB_SEA,2024,15,SEA,J.Myers,2,2,1,1,7,48.0
2024_15_IND_DEN,2024,15,DEN,W.Lutz,1,1,4,4,7,44.0
2024_15_IND_DEN,2024,15,IND,M.Gay,2,2,1,1,7,49.0
2024_15_KC_CLE,2024,15,CLE,R.Patterson,0,0,1,1,1,
2024_15_KC_CLE,2024,15,KC,H.Butker,0,1,3,3,3,
2024_15_LA_SF,2024,15,LA,J.Karty,4,4,0,0,12,48.0
2024_15_LA_SF,2024,15,SF,J.Moody,2,2,0,0,6,53.0
2024_15_MIA_HOU,2024,15,HOU,K.Fairbairn,2,2,2,2,8,44.0
2024_15_MIA_HOU,2024,15,MIA,J.Sanders,2,2,0,1,6,55.0
2024_15_NE_ARI,2024,15,ARI,C.Ryland,3,3,3,3,12,49.0
2024_15_NE_ARI,2024,15,NE,J.Slye,1,2,2,2,5,50.0
2024_15_NYJ_JAX,2024,15,JAX,C.Little,4,4,1,1,13,43.0
2024_15_NYJ_JAX,2024,15,NYJ,A.Carlson,1,2,3,3,6,43.0
2024_15_PIT_PHI,2024,15,PHI,J.Elliott,2,2,3,3,9,41.0
2024_15_PIT_PHI,2024,15,PIT,C.Boswell,2,2,1,1,7,49.0
2024_15_TB_LAC,2024,15,LAC,C.Dicker,1,1,2,2,5,41.0
2024_15_TB_LAC,2024,15,TB,C.McLaughlin,4,4,4,4,16,43.0
2024_15_WAS_NO,2024,15,NO,B.Grupe,2,2,1,1,7,51.0
2024_15_WAS_NO,2024,15,WAS,G.Joseph,2,3,2,2,8,41.0
2024_16_ARI_CAR,2024,16,ARI,C.Ryland,3,3,3,3,12,58.0
2024_16_ARI_CAR,2024,16,CAR,E.Pineiro,1,1,3,4,6,29.0
2024_16_CLE_CIN,2024,16,CIN,C.York,1,2,3,3,6,59.0
2024_16_CLE_CIN,2024,16,CLE,D.Hopkins,0,0,0,1,0,
2024_16_DEN_LAC,2024,16,DEN,W.Lutz,2,2,3,3,9,55.0
2024_16_DEN_LAC,2024,16,LAC,C.Dicker,2,2,2,2,8,57.0
2024_16_DET_CHI,2024,16,CHI,C.Santos,1,1,2,2,5,30.0
2024_16_DET_CHI,2024,16,DET,J.Bates,2,3,4,4,10,34.0
2024_16_HOU_KC,2024,16,HOU,K.Fairbairn,2,2,1,2,7,38.0
2024_16_HOU_KC,2024,16,KC,H.Butker,2,2,3,3,9,44.0
2024_16_JAX_LV,2024,16,JAX,C.Little,0,0,2,2,2,
2024_16_JAX_LV,2024,16,LV,D.Carlson,2,3,1,1,7,49.0
2024_16_LA_NYJ,2024,16,LA,J.Karty,2,2,1,2,7,45.0
2024_16_LA_NYJ,2024,16,NYJ,A.Carlson,1,2,0,1,3,21.0
2024_16_MIN_SEA,2024,16,MIN,W.Reichard,2,2,3,3,9,52.0
2024_16_MIN_SEA,2024,16,SEA,J.Myers,1,2,3,3,6,43.0
2024_16_NE_BUF,2024,16,BUF,T.Bass,1,1,3,3,6,50.0
2024_16_NE_BUF,2024,16,NE,J.Slye,0,0,3,3,3,
2024_16_NO_GB,2024,16,GB,B.McManus,2,2,4,4,10,55.0
2024_16_NYG_ATL,2024,16,ATL,R.Patterson,2,3,4,4,10,52.0
2024_16_NYG_ATL,2024,16,NYG,G.Gano,0,0,1,1,1,
2024_16_PHI_WAS,2024,16,PHI,J.Elliott,4,5,3,3,15,50.0
2024_16_PHI_WAS,2024,16,WAS,Z.Gonzalez,0,0,4,4,4,
2024_16_PIT_BAL,2024,16,BAL,J.Tucker,2,2,4,4,10,51.0
2024_16_PIT_BAL,2024,16,PIT,C.Boswell,1,1,2,2,5,51.0
2024_16_SF_MIA,2024,16,MIA,J.Sanders,5,5,2,2,17,54.0
2024_16_SF_MIA,2024,16,SF,J.Moody,1,2,2,2,5,21.0
2024_16_TB_DAL,2024,16,DAL,B.Aubrey,4,4,2,2,14,58.0
2024_16_TB_DAL,2024,16,TB,C.McLaughlin,1,1,3,3,6,45.0
2024_16_TEN_IND,2024,16,IND,M.Gay,1,2,5,5,8,31.0
2024_16_TEN_IND,2024,16,TEN,B.Narveson,0,1,2,2,2,
2024_17_ARI_LA,2024,17,ARI,C.Ryland,1,1,0,1,3,28.0
2024_17_ARI_LA,2024,17,LA,J.Karty,2,2,1,1,7,53.0
2024_17_ATL_WAS,2024,17,ATL,R.Patterson,1,2,3,3,6,39.0
2024_17_ATL_WAS,2024,17,WAS,Z.Gonzalez,1,1,3,3,6,31.0
2024_17_BAL_HOU,2024,17,BAL,J.Tucker,1,1,4,4,7,52.0
2024_17_CAR_TB,2024,17,CAR,E.Pineiro,0,1,2,2,2,
2024_17_CAR_TB,2024,17,TB,C.McLaughlin,2,2,6,6,12,34.0
2024_17_DAL_PHI,2024,17,DAL,B.Aubrey,0,1,1,1,1,
2024_17_DAL_PHI,2024,17,PHI,J.Elliott,2,2,5,5,11,31.0
2024_17_DEN_CIN,2024,17,CIN,C.York,1,2,3,3,6,22.0
2024_17_DEN_CIN,2024,17,DEN,W.Lutz,1,1,3,3,6,30.0
2024_17_DET_SF,2024,17,DET,J.Bates,2,2,2,4,8,57.0
2024_17_DET_SF,2024,17,SF,J.Moody,0,2,4,5,4,
2024_17_GB_MIN,2024,17,GB,B.McManus,1,1,2,2,5,22.0
2024_17_GB_MIN,2024,17,MIN,W.Reichard,2,4,3,3,9,50.0
2024_17_IND_NYG,2024,17,IND,M.Gay,2,3,3,3,9,32.0
2024_17_IND_NYG,2024,17,NYG,G.Gano,1,1,6,6,9,30.0
2024_17_KC_PIT,2024,17,KC,H.Butker,1,1,2,3,5,32.0
2024_17_KC_PIT,2024,17,PIT,C.Boswell,1,1,1,1,4,36.0
2024_17_LAC_NE,2024,17,LAC,C.Dicker,4,4,4,4,16,41.0
2024_17_LAC_NE,2024,17,NE,J.Slye,0,0,1,1,1,
2024_17_LV_NO,2024,17,LV,D.Carlson,4,4,1,2,13,54.0
2024_17_LV_NO,2024,17,NO,B.Grupe,1,1,1,1,4,34.0
2024_17_MIA_CLE,2024,17,CLE,D.Hopkins,1,1,0,0,3,25.0
2024_17_MIA_CLE,2024,17,MIA,J.Sanders,2,2,2,2,8,54.0
2024_17_NYJ_BUF,2024,17,BUF,T.Bass,1,1,5,5,8,39.0
2024_17_SEA_CHI,2024,17,CHI,C.Santos,1,1,0,0,3,42.0
2024_17_SEA_CHI,2024,17,SEA,J.Myers,2,2,0,0,6,50.0
2024_17_TEN_JAX,2024,17,JAX,C.Little,2,2,2,2,8,48.0
2024_17_TEN_JAX,2024,17,TEN,M.Wright,2,2,1,1,7,39.0
2024_18_BUF_NE,2024,18,BUF,T.Bass,1,1,1,2,4,49.0
2024_18_BUF_NE,2024,18,NE,J.Slye,3,3,2,2,11,50.0
2024_18_CAR_ATL,2024,18,ATL,R.Patterson,1,2,5,5,8,31.0
2024_18_CAR_ATL,2024,18,CAR,E.Pineiro,1,1,5,5,8,35.0
2024_18_CHI_GB,2024,18,CHI,C.Santos,1,1,3,3,6,51.0
2024_18_CHI_GB,2024,18,GB,B.McManus,3,3,1,1,10,55.0
2024_18_CIN_PIT,2024,18,CIN,C.York,4,4,1,1,13,48.0
2024_18_CIN_PIT,2024,18,PIT,C.Boswell,1,1,2,2,5,54.0
2024_18_CLE_BAL,2024,18,BAL,J.Tucker,0,0,5,5,5,
2024_18_CLE_BAL,2024,18,CLE,D.Hopkins,1,1,1,1,4,23.0
2024_18_HOU_TEN,2024,18,HOU,K.Fairbairn,1,1,2,3,5,27.0
2024_18_HOU_TEN,2024,18,TEN,M.Wright,2,2,0,0,6,38.0
2024_18_JAX_IND,2024,18,IND,M.Gay,4,5,2,2,14,49.0
2024_18_JAX_IND,2024,18,JAX,C.Little,3,3,2,2,11,53.0
2024_18_KC_DEN,2024,18,DEN,W.Lutz,1,1,5,5,8,33.0
2024_18_KC_DEN,2024,18,KC,H.Butker,0,1,0,0,0,
2024_18_LAC_LV,2024,18,LAC,C.Dicker,4,5,2,2,14,49.0
2024_18_LAC_LV,2024,18,LV,D.Carlson,2,2,2,2,8,47.0
2024_18_MIA_NYJ,2024,18,MIA,J.Sanders,2,2,2,2,8,28.0
2024_18_MIA_NYJ,2024,18,NYJ,G.Joseph,1,1,3,3,6,20.0
2024_18_MIN_DET,2024,18,DET,J.Bates,1,1,4,4,7,48.0
2024_18_MIN_DET,2024,18,MIN,W.Reichard,3,4,0,0,9,51.0
2024_18_NO_TB,2024,18,NO,B.Grupe,4,4,1,1,13,49.0
2024_18_NO_TB,2024,18,TB,C.McLaughlin,2,2,3,3,9,52.0
2024_18_NYG_PHI,2024,18,NYG,G.Gano,2,2,1,1,7,53.0
2024_18_NYG_PHI,2024,18,PHI,J.Elliott,2,3,2,2,8,32.0
2024_18_SEA_LA,2024,18,LA,J.Karty,4,4,1,1,13,58.0
2024_18_SEA_LA,2024,18,SEA,J.Myers,1,1,3,3,6,56.0
2024_18_SF_ARI,2024,18,ARI,C.Ryland,2,2,5,5,11,51.0
2024_18_SF_ARI,2024,18,SF,J.Moody,1,2,3,3,6,51.0
2024_18_WAS_DAL,2024,18,DAL,B.Aubrey,4,4,1,1,13,41.0
2024_18_WAS_DAL,2024,18,WAS,Z.Gonzalez,1,1,2,2,5,47.0
2025_01_ARI_NO,2025,1,ARI,C.Ryland,2,3,2,2,8,50.0
2025_01_ARI_NO,2025,1,NO,B.Grupe,2,3,1,1,7,36.0
2025_01_BAL_BUF,2025,1,BAL,T.Loop,2,2,4,5,10,52.0
2025_01_BAL_BUF,2025,1,BUF,M.Prater,3,3,2,2,11,43.0
2025_01_CAR_JAX,2025,1,CAR,R.Fitzgerald,1,1,1,1,4,48.0
2025_01_CAR_JAX,2025,1,JAX,C.Little,4,4,2,2,14,47.0
2025_01_CIN_CLE,2025,1,CIN,E.McPherson,1,1,2,2,5,35.0
2025_01_CIN_CLE,2025,1,CLE,A.Szmyt,1,2,1,2,4,45.0
2025_01_DAL_PHI,2025,1,DAL,B.Aubrey,2,2,2,2,8,53.0
2025_01_DAL_PHI,2025,1,PHI,J.Elliott,1,1,3,3,6,58.0
2025_01_DET_GB,2025,1,DET,J.Bates,2,2,1,1,7,30.0
2025_01_DET_GB,2025,1,GB,B.McManus,2,2,3,3,9,38.0
2025_01_HOU_LA,2025,1,HOU,K.Fairbairn,3,3,0,0,9,53.0
2025_01_HOU_LA,2025,1,LA,J.Karty,0,0,2,2,2,
2025_01_KC_LAC,2025,1,KC,H.Butker,3,3,0,1,9,59.0
2025_01_KC_LAC,2025,1,LAC,C.Dicker,2,2,3,3,9,39.0
2025_01_LV_NE,2025,1,LV,D.Carlson,2,3,2,2,8,51.0
2025_01_LV_NE,2025,1,NE,A.Borregales,2,3,1,1,7,44.0
2025_01_MIA_IND,2025,1,IND,S.Shrader,4,4,3,3,15,48.0
2025_01_MIN_CHI,2025,1,CHI,C.Santos,1,2,3,3,6,42.0
2025_01_MIN_CHI,2025,1,MIN,W.Reichard,2,2,1,1,7,59.0
2025_01_NYG_WAS,2025,1,NYG,G.Gano,2,2,0,0,6,55.0
2025_01_NYG_WAS,2025,1,WAS,M.Gay,0,0,3,3,3,
2025_01_PIT_NYJ,2025,1,NYJ,N.Folk,2,2,2,2,8,51.0
2025_01_PIT_NYJ,2025,1,PIT,C.Boswell,2,2,4,4,10,60.0
2025_01_SF_SEA,2025,1,SEA,J.Myers,2,2,1,1,7,48.0
2025_01_SF_SEA,2025,1,SF,J.Moody,1,3,2,2,5,32.0
2025_01_TB_ATL,2025,1,ATL,Y.Koo,2,3,2,2,8,41.0
2025_01_TB_ATL,2025,1,TB,C.McLaughlin,1,2,2,3,5,48.0
2025_01_TEN_DEN,2025,1,DEN,W.Lutz,2,2,2,2,8,39.0
2025_01_TEN_DEN,2025,1,TEN,J.Slye,4,4,0,0,12,50.0
2025_02_ATL_MIN,2025,2,ATL,J.Romo,5,5,1,1,16,54.0
2025_02_ATL_MIN,2025,2,MIN,W.Reichard,2,2,0,0,6,51.0
2025_02_BUF_NYJ,2025,2,BUF,M.Prater,3,3,3,3,12,52.0
2025_02_BUF_NYJ,2025,2,NYJ,N.Folk,1,1,1,1,4,51.0
2025_02_CAR_ARI,2025,2,ARI,C.Ryland,2,2,3,3,9,47.0
2025_02_CAR_ARI,2025,2,CAR,R.Fitzgerald,1,1,1,1,4,27.0
2025_02_CHI_DET,2025,2,CHI,C.Santos,0,0,3,3,3,
2025_02_CHI_DET,2025,2,DET,J.Bates,1,2,7,7,10,34.0
2025_02_CLE_BAL,2025,2,BAL,T.Loop,2,2,5,5,11,43.0
2025_02_CLE_BAL,2025,2,CLE,A.Szmyt,1,1,2,2,5,38.0
2025_02_DEN_IND,2025,2,DEN,W.Lutz,0,1,4,4,4,
2025_02_DEN_IND,2025,2,IND,S.Shrader,5,5,2,2,17,45.0
2025_02_JAX_CIN,2025,2,CIN,E.McPherson,1,1,4,4,7,31.0
2025_02_JAX_CIN,2025,2,JAX,C.Little,2,2,3,3,9,42.0
2025_02_LAC_LV,2025,2,LAC,C.Dicker,2,2,2,2,8,38.0
2025_02_LAC_LV,2025,2,LV,D.Carlson,3,3,0,0,9,54.0
2025_02_LA_TEN,2025,2,LA,J.Karty,2,2,3,4,9,21.0
2025_02_LA_TEN,2025,2,TEN,J.Slye,4,4,1,1,13,57.0
2025_02_NE_MIA,2025,2,MIA,R.Patterson,2,2,3,3,9,44.0
2025_02_NE_MIA,2025,2,NE,A.Borregales,2,2,1,3,7,53.0
2025_02_NYG_DAL,2025,2,DAL,B.Aubrey,4,4,4,4,16,64.0
2025_02_NYG_DAL,2025,2,NYG,G.Gano,3,3,4,4,13,38.0
2025_02_PHI_KC,2025,2,KC,H.Butker,1,2,2,2,5,56.0
2025_02_PHI_KC,2025,2,PHI,J.Elliott,2,2,2,2,8,58.0
2025_02_SEA_PIT,2025,2,PIT,C.Boswell,3,3,0,0,9,48.0
2025_02_SEA_PIT,2025,2,SEA,J.Myers,1,2,4,4,7,54.0
2025_02_SF_NO,2025,2,NO,B.Grupe,0,1,3,3,3,
2025_02_SF_NO,2025,2,SF,E.Pineiro,2,2,2,3,8,46.0
2025_02_TB_HOU,2025,2,HOU,K.Fairbairn,2,2,1,1,7,53.0
2025_02_TB_HOU,2025,2,TB,C.McLaughlin,0,1,2,2,2,
2025_02_WAS_GB,2025,2,GB,B.McManus,2,3,3,3,9,56.0
2025_02_WAS_GB,2025,2,WAS,M.Gay,1,3,1,1,4,51.0
2025_03_ARI_SF,2025,3,ARI,C.Ryland,2,3,1,1,7,34.0
2025_03_ARI_SF,2025,3,SF,E.Pineiro,3,3,1,1,10,51.0
2025_03_ATL_CAR,2025,3,ATL,J.Romo,0,2,0,0,0,
2025_03_ATL_CAR,2025,3,CAR,R.Fitzgerald,3,3,3,3,12,57.0
2025_03_CIN_MIN,2025,3,CIN,E.McPherson,1,1,1,1,4,45.0
2025_03_CIN_MIN,2025,3,MIN,W.Reichard,2,2,6,6,12,62.0
2025_03_DAL_CHI,2025,3,CHI,C.Santos,1,1,4,4,7,30.0
2025_03_DAL_CHI,2025,3,DAL,B.Aubrey,2,2,0,0,6,53.0
2025_03_DEN_LAC,2025,3,DEN,W.Lutz,2,2,2,2,8,42.0
2025_03_DEN_LAC,2025,3,LAC,C.Dicker,3,3,2,2,11,43.0
2025_03_DET_BAL,2025,3,BAL,T.Loop,1,1,3,3,6,41.0
2025_03_DET_BAL,2025,3,DET,J.Bates,1,2,5,5,8,45.0
2025_03_GB_CLE,2025,3,CLE,A.Szmyt,2,2,1,1,7,55.0
2025_03_GB_CLE,2025,3,GB,B.McManus,1,2,1,1,4,39.0
2025_03_HOU_JAX,2025,3,HOU,K.Fairbairn,1,2,1,1,4,27.0
2025_03_HOU_JAX,2025,3,JAX,C.Little,1,2,2,2,5,39.0
2025_03_IND_TEN,2025,3,IND,S.Shrader,2,3,5,5,11,36.0
2025_03_IND_TEN,2025,3,TEN,J.Slye,2,4,2,2,8,57.0
2025_03_KC_NYG,2025,3,KC,H.Butker,3,4,1,2,10,54.0
2025_03_KC_NYG,2025,3,NYG,G.Gano,1,1,0,0,3,25.0
2025_03_KC_NYG,2025,3,NYG,J.Gillan,0,0,0,1,0,
2025_03_LA_PHI,2025,3,LA,J.Karty,4,6,2,2,14,51.0
2025_03_LA_PHI,2025,3,PHI,J.Elliott,0,0,3,3,3,
2025_03_LV_WAS,2025,3,LV,D.Carlson,1,1,1,1,4,37.0
2025_03_LV_WAS,2025,3,WAS,M.Gay,2,3,5,5,11,56.0
2025_03_MIA_BUF,2025,3,BUF,M.Prater,1,2,4,4,7,48.0
2025_03_MIA_BUF,2025,3,MIA,R.Patterson,0,0,3,3,3,
2025_03_NO_SEA,2025,3,NO,B.Grupe,2,3,1,1,7,27.0
2025_03_NO_SEA,2025,3,SEA,J.Myers,3,3,5,5,14,56.0
2025_03_NYJ_TB,2025,3,NYJ,N.Folk,2,2,3,3,9,42.0
2025_03_NYJ_TB,2025,3,TB,C.McLaughlin,5,6,2,2,17,55.0
2025_03_PIT_NE,2025,3,NE,A.Borregales,0,0,2,2,2,
2025_03_PIT_NE,2025,3,PIT,C.Boswell,0,0,3,3,3,
2025_04_BAL_KC,2025,4,BAL,T.Loop,2,2,2,2,8,43.0
2025_04_BAL_KC,2025,4,KC,H.Butker,3,4,4,4,13,38.0
2025_04_CAR_NE,2025,4,CAR,R.Fitzgerald,0,1,1,2,1,
2025_04_CAR_NE,2025,4,NE,A.Borregales,0,0,6,6,6,
2025_04_CHI_LV,2025,4,CHI,C.Santos,4,4,1,1,13,52.0
2025_04_CHI_LV,2025,4,LV,D.Carlson,1,2,3,3,6,29.0
2025_04_CIN_DEN,2025,4,CIN,E.McPherson,1,1,0,0,3,26.0
2025_04_CIN_DEN,2025,4,DEN,W.Lutz,0,0,4,4,4,
2025_04_CLE_DET,2025,4,CLE,A.Szmyt,1,2,1,1,4,33.0
2025_04_CLE_DET,2025,4,DET,J.Bates,2,2,4,4,10,58.0
2025_04_GB_DAL,2025,4,DAL,B.Aubrey,1,1,5,5,8,22.0
2025_04_GB_DAL,2025,4,GB,B.McManus,2,2,4,5,10,53.0
2025_04_IND_LA,2025,4,IND,S.Shrader,2,2,2,2,8,52.0
2025_04_IND_LA,2025,4,LA,J.Karty,2,2,3,3,9,42.0
2025_04_JAX_SF,2025,4,JAX,C.Little,2,3,2,2,8,44.0
2025_04_JAX_SF,2025,4,SF,E.Pineiro,2,2,1,1,7,26.0
2025_04_LAC_NYG,2025,4,LAC,C.Dicker,1,1,1,1,4,43.0
2025_04_LAC_NYG,2025,4,NYG,J.McAtamney,2,2,1,1,7,31.0
2025_04_MIN_PIT,2025,4,MIN,W.Reichard,2,2,1,1,7,41.0
2025_04_MIN_PIT,2025,4,PIT,C.Boswell,1,2,3,3,6,33.0
2025_04_NO_BUF,2025,4,BUF,M.Prater,1,1,4,4,7,35.0
2025_04_NO_BUF,2025,4,NO,B.Grupe,2,2,1,1,7,54.0
2025_04_NYJ_MIA,2025,4,MIA,R.Patterson,2,2,3,3,9,47.0
2025_04_NYJ_MIA,2025,4,NYJ,N.Folk,2,2,1,1,7,58.0
2025_04_PHI_TB,2025,4,PHI,J.Elliott,1,1,4,4,7,39.0
2025_04_PHI_TB,2025,4,TB,C.McLaughlin,3,3,2,2,11,65.0
2025_04_SEA_ARI,2025,4,ARI,C.Ryland,2,2,2,2,8,57.0
2025_04_SEA_ARI,2025,4,SEA,J.Myers,3,4,2,2,11,52.0
2025_04_TEN_HOU,2025,4,HOU,K.Fairbairn,2,3,2,2,8,47.0
2025_04_TEN_HOU,2025,4,TEN,J.Slye,0,2,0,0,0,
2025_04_WAS_ATL,2025,4,ATL,J.Romo,2,2,4,4,10,38.0
2025_04_WAS_ATL,2025,4,WAS,M.Gay,4,4,1,1,13,52.0
2025_05_DAL_NYJ,2025,5,DAL,B.Aubrey,1,1,4,5,7,35.0
2025_05_DAL_NYJ,2025,5,NYJ,N.Folk,2,2,0,0,6,48.0
2025_05_DEN_PHI,2025,5,DEN,W.Lutz,2,2,1,1,7,55.0
2025_05_DEN_PHI,2025,5,PHI,J.Elliott,1,1,2,2,5,31.0
2025_05_DET_CIN,2025,5,CIN,E.McPherson,1,1,3,3,6,50.0
2025_05_DET_CIN,2025,5,DET,J.Bates,0,0,5,5,5,
2025_05_HOU_BAL,2025,5,BAL,T.Loop,1,2,1,1,4,27.0
2025_05_HOU_BAL,2025,5,HOU,K.Fairbairn,3,3,5,5,14,57.0
2025_05_KC_JAX,2025,5,JAX,C.Little,1,1,4,4,7,52.0
2025_05_KC_JAX,2025,5,KC,H.Butker,0,0,4,4,4,
2025_05_LV_IND,2025,5,IND,S.Shrader,0,0,2,2,2,
2025_05_LV_IND,2025,5,LV,D.Carlson,2,3,0,0,6,37.0
2025_05_MIA_CAR,2025,5,CAR,R.Fitzgerald,2,2,3,3,9,49.0
2025_05_MIA_CAR,2025,5,MIA,R.Patterson,1,1,3,3,6,43.0
2025_05_MIN_CLE,2025,5,CLE,A.Szmyt,1,1,2,2,5,31.0
2025_05_MIN_CLE,2025,5,MIN,W.Reichard,0,1,3,3,3,
2025_05_NE_BUF,2025,5,BUF,M.Prater,2,2,2,2,8,45.0
2025_05_NE_BUF,2025,5,NE,A.Borregales,3,3,2,2,11,52.0
2025_05_NYG_NO,2025,5,NO,B.Grupe,4,6,2,2,14,53.0
2025_05_NYG_NO,2025,5,NYG,J.McAtamney,0,0,2,2,2,
2025_05_SF_LA,2025,5,LA,J.Karty,1,2,2,3,5,48.0
2025_05_SF_LA,2025,5,SF,E.Pineiro,4,4,2,2,14,59.0
2025_05_TB_SEA,2025,5,SEA,J.Myers,0,1,5,5,5,
2025_05_TB_SEA,2025,5,TB,C.McLaughlin,3,3,3,3,12,39.0
2025_05_TEN_ARI,2025,5,ARI,C.Ryland,0,0,3,3,3,
2025_05_TEN_ARI,2025,5,TEN,J.Slye,3,3,1,2,10,51.0
2025_05_WAS_LAC,2025,5,LAC,C.Dicker,1,1,1,1,4,55.0
2025_05_WAS_LAC,2025,5,WAS,M.Gay,2,2,3,3,9,36.0
2025_06_ARI_IND,2025,6,ARI,C.Ryland,2,2,3,3,9,44.0
2025_06_ARI_IND,2025,6,IND,M.Badgley,1,1,4,4,7,45.0
2025_06_BUF_ATL,2025,6,ATL,J.Romo,1,2,3,3,6,33.0
2025_06_BUF_ATL,2025,6,BUF,M.Prater,0,0,2,2,2,
2025_06_CHI_WAS,2025,6,CHI,J.Moody,4,5,1,1,13,48.0
2025_06_CHI_WAS,2025,6,WAS,M.Gay,1,2,3,3,6,53.0
2025_06_CIN_GB,2025,6,CIN,E.McPherson,1,3,1,1,4,45.0
2025_06_CIN_GB,2025,6,GB,L.Havrisik,2,2,3,3,9,43.0
2025_06_CLE_PIT,2025,6,CLE,A.Szmyt,3,3,0,0,9,53.0
2025_06_CLE_PIT,2025,6,PIT,C.Boswell,3,4,2,2,11,50.0
2025_06_DAL_CAR,2025,6,CAR,R.Fitzgerald,3,3,3,3,12,55.0
2025_06_DAL_CAR,2025,6,DAL,B.Aubrey,2,2,3,3,9,28.0
2025_06_DEN_NYJ,2025,6,DEN,W.Lutz,2,2,1,1,7,57.0
2025_06_DEN_NYJ,2025,6,NYJ,N.Folk,3,3,0,0,9,52.0
2025_06_DET_KC,2025,6,DET,J.Bates,1,1,2,2,5,28.0
2025_06_DET_KC,2025,6,KC,H.Butker,1,1,3,4,6,33.0
2025_06_LAC_MIA,2025,6,LAC,C.Dicker,5,5,2,2,17,35.0
2025_06_LAC_MIA,2025,6,MIA,R.Patterson,2,3,3,3,9,47.0
2025_06_LA_BAL,2025,6,BAL,T.Loop,1,1,0,0,3,37.0
2025_06_LA_BAL,2025,6,LA,J.Karty,1,2,2,2,5,36.0
2025_06_NE_NO,2025,6,NE,A.Borregales,1,1,2,2,5,24.0
2025_06_NE_NO,2025,6,NO,B.Grupe,4,4,1,1,13,54.0
2025_06_PHI_NYG,2025,6,NYG,J.McAtamney,0,0,4,5,4,
2025_06_PHI_NYG,2025,6,PHI,J.Elliott,1,1,2,2,5,42.0
2025_06_SEA_JAX,2025,6,JAX,C.Little,0,1,0,1,0,
2025_06_SEA_JAX,2025,6,SEA,J.Myers,2,2,2,2,8,53.0
2025_06_SF_TB,2025,6,SF,E.Pineiro,4,4,1,1,13,54.0
2025_06_SF_TB,2025,6,TB,C.McLaughlin,1,2,3,3,6,45.0
2025_06_TEN_LV,2025,6,LV,D.Carlson,2,2,2,2,8,50.0
2025_06_TEN_LV,2025,6,TEN,M.Wright,1,1,1,1,4,46.0
2025_07_ATL_SF,2025,7,ATL,J.Romo,1,1,1,1,4,38.0
2025_07_ATL_SF,2025,7,SF,E.Pineiro,2,2,2,2,8,55.0
2025_07_CAR_NYJ,2025,7,CAR,R.Fitzgerald,2,2,1,1,7,30.0
2025_07_CAR_NYJ,2025,7,NYJ,N.Folk,2,2,0,0,6,47.0
2025_07_GB_ARI,2025,7,ARI,C.Ryland,3,3,2,2,11,40.0
2025_07_GB_ARI,2025,7,GB,L.Havrisik,2,2,3,3,9,61.0
2025_07_HOU_SEA,2025,7,HOU,K.Fairbairn,2,2,1,1,7,46.0
2025_07_HOU_SEA,2025,7,SEA,J.Myers,2,3,3,3,9,47.0
2025_07_IND_LAC,2025,7,IND,M.Badgley,1,1,3,4,6,36.0
2025_07_IND_LAC,2025,7,LAC,C.Dicker,1,1,3,3,6,43.0
2025_07_LA_JAX,2025,7,JAX,C.Little,0,1,1,1,1,
2025_07_LA_JAX,2025,7,LA,J.Karty,0,0,5,5,5,
2025_07_LV_KC,2025,7,KC,H.Butker,1,1,4,4,7,38.0
2025_07_MIA_CLE,2025,7,CLE,A.Szmyt,1,1,4,4,7,30.0
2025_07_MIA_CLE,2025,7,MIA,R.Patterson,2,2,0,0,6,33.0
2025_07_NE_TEN,2025,7,NE,A.Borregales,1,1,4,4,7,36.0
2025_07_NE_TEN,2025,7,TEN,J.Slye,2,2,1,1,7,50.0
2025_07_NO_CHI,2025,7,CHI,J.Moody,4,4,2,2,14,39.0
2025_07_NO_CHI,2025,7,NO,B.Grupe,0,1,2,2,2,
2025_07_NYG_DEN,2025,7,DEN,W.Lutz,1,1,2,2,5,39.0
2025_07_NYG_DEN,2025,7,NYG,J.McAtamney,0,0,2,4,2,
2025_07_PHI_MIN,2025,7,MIN,W.Reichard,5,5,1,1,16,59.0
2025_07_PHI_MIN,2025,7,PHI,J.Elliott,0,1,4,4,4,
2025_07_PIT_CIN,2025,7,CIN,E.McPherson,4,4,3,3,15,49.0
2025_07_PIT_CIN,2025,7,PIT,C.Boswell,1,1,4,4,7,41.0
2025_07_TB_DET,2025,7,DET,J.Bates,1,2,3,3,6,58.0
2025_07_TB_DET,2025,7,TB,C.McLaughlin,1,1,0,0,3,53.0
2025_07_WAS_DAL,2025,7,DAL,B.Aubrey,3,3,5,5,14,61.0
2025_07_WAS_DAL,2025,7,WAS,M.Gay,0,0,2,2,2,
2025_08_BUF_CAR,2025,8,BUF,M.Prater,2,2,4,5,10,45.0
2025_08_BUF_CAR,2025,8,CAR,R.Fitzgerald,1,2,0,1,3,48.0
2025_08_CHI_BAL,2025,8,BAL,T.Loop,3,3,3,3,12,42.0
2025_08_CHI_BAL,2025,8,CHI,C.Santos,3,4,1,1,10,47.0
2025_08_CLE_NE,2025,8,CLE,A.Szmyt,0,1,1,1,1,
2025_08_CLE_NE,2025,8,NE,A.Borregales,3,3,3,3,12,42.0
2025_08_DAL_DEN,2025,8,DAL,B.Aubrey,1,1,3,3,6,24.0
2025_08_DAL_DEN,2025,8,DEN,W.Lutz,1,1,5,5,8,42.0
2025_08_GB_PIT,2025,8,GB,B.McManus,2,4,3,3,9,28.0
2025_08_GB_PIT,2025,8,PIT,C.Boswell,4,4,1,1,13,56.0
2025_08_MIA_ATL,2025,8,ATL,J.Romo,1,1,1,1,4,45.0
2025_08_MIA_ATL,2025,8,MIA,R.Patterson,2,2,4,4,10,36.0
2025_08_MIN_LAC,2025,8,LAC,C.Dicker,3,4,4,4,13,45.0
2025_08_MIN_LAC,2025,8,MIN,W.Reichard,1,2,1,1,4,54.0
2025_08_NYG_PHI,2025,8,NYG,G.Gano,2,2,2,2,8,47.0
2025_08_NYG_PHI,2025,8,PHI,J.Elliott,1,2,5,5,8,40.0
2025_08_NYJ_CIN,2025,8,CIN,E.McPherson,1,1,5,5,8,26.0
2025_08_NYJ_CIN,2025,8,NYJ,N.Folk,3,3,2,2,11,46.0
2025_08_SF_HOU,2025,8,HOU,K.Fairbairn,4,4,2,2,14,37.0
2025_08_SF_HOU,2025,8,SF,E.Pineiro,0,0,1,1,1,
2025_08_TB_NO,2025,8,NO,B.Grupe,1,1,0,0,3,48.0
2025_08_TB_NO,2025,8,TB,C.McLaughlin,3,3,2,2,11,55.0
2025_08_TEN_IND,2025,8,IND,M.Badgley,1,1,5,5,8,43.0
2025_08_TEN_IND,2025,8,TEN,J.Slye,0,1,2,2,2,
2025_08_WAS_KC,2025,8,KC,H.Butker,0,0,4,4,4,
2025_08_WAS_KC,2025,8,WAS,M.Wright,0,0,1,1,1,
2025_09_ARI_DAL,2025,9,ARI,C.Ryland,2,2,3,3,9,48.0
2025_09_ARI_DAL,2025,9,DAL,B.Aubrey,1,2,2,2,5,26.0
2025_09_ATL_NE,2025,9,ATL,J.Romo,1,1,2,3,5,38.0
2025_09_ATL_NE,2025,9,NE,A.Borregales,1,1,3,3,6,32.0
2025_09_BAL_MIA,2025,9,BAL,T.Loop,0,0,4,4,4,
2025_09_BAL_MIA,2025,9,MIA,R.Patterson,2,3,0,0,6,49.0
2025_09_CAR_GB,2025,9,CAR,R.Fitzgerald,1,1,1,2,4,49.0
2025_09_CAR_GB,2025,9,GB,B.McManus,2,3,1,1,7,49.0
2025_09_CHI_CIN,2025,9,CHI,C.Santos,2,3,5,5,11,36.0
2025_09_CHI_CIN,2025,9,CIN,E.McPherson,2,3,4,4,10,41.0
2025_09_DEN_HOU,2025,9,DEN,W.Lutz,1,2,1,1,4,34.0
2025_09_DEN_HOU,2025,9,HOU,K.Fairbairn,5,6,0,0,15,41.0
2025_09_IND_PIT,2025,9,IND,M.Badgley,2,2,2,2,8,53.0
2025_09_IND_PIT,2025,9,PIT,C.Boswell,2,2,3,3,9,46.0
2025_09_JAX_LV,2025,9,JAX,C.Little,3,3,3,3,12,68.0
2025_09_JAX_LV,2025,9,LV,D.Carlson,1,1,2,3,5,24.0
2025_09_KC_BUF,2025,9,BUF,M.Prater,0,1,4,4,4,
2025_09_KC_BUF,2025,9,KC,H.Butker,2,2,1,1,7,46.0
2025_09_LAC_TEN,2025,9,LAC,C.Dicker,2,2,3,3,9,52.0
2025_09_LAC_TEN,2025,9,TEN,J.Slye,2,2,2,2,8,49.0
2025_09_MIN_DET,2025,9,DET,J.Bates,1,2,3,3,6,41.0
2025_09_MIN_DET,2025,9,MIN,W.Reichard,2,2,3,3,9,50.0
2025_09_NO_LA,2025,9,LA,J.Karty,0,1,4,5,4,
2025_09_NO_LA,2025,9,NO,B.Grupe,1,1,1,1,4,39.0
2025_09_SEA_WAS,2025,9,SEA,J.Myers,1,1,5,5,8,41.0
2025_09_SEA_WAS,2025,9,WAS,M.Gay,0,0,2,2,2,
2025_09_SF_NYG,2025,9,NYG,G.Gano,1,2,3,3,6,22.0
2025_09_SF_NYG,2025,9,SF,E.Pineiro,2,2,4,4,10,54.0
2025_10_ARI_SEA,2025,10,ARI,C.Ryland,0,0,2,2,2,
2025_10_ARI_SEA,2025,10,SEA,J.Myers,3,3,5,5,14,46.0
2025_10_ATL_IND,2025,10,ATL,Z.Gonzalez,1,1,2,2,5,43.0
2025_10_ATL_IND,2025,10,IND,M.Badgley,2,3,1,2,7,44.0
2025_10_BAL_MIN,2025,10,BAL,T.Loop,4,5,1,1,13,44.0
2025_10_BAL_MIN,2025,10,MIN,W.Reichard,2,2,1,1,7,49.0
2025_10_BUF_MIA,2025,10,BUF,M.Prater,0,0,1,1,1,
2025_10_BUF_MIA,2025,10,MIA,R.Patterson,1,1,3,4,6,46.0
2025_10_CLE_NYJ,2025,10,CLE,A.Szmyt,2,2,2,2,8,45.0
2025_10_CLE_NYJ,2025,10,NYJ,N.Folk,2,2,3,3,9,37.0
2025_10_DET_WAS,2025,10,DET,J.Bates,3,3,3,4,12,48.0
2025_10_DET_WAS,2025,10,WAS,M.Gay,1,1,1,1,4,44.0
2025_10_JAX_HOU,2025,10,HOU,M.Wright,1,1,1,1,4,23.0
2025_10_JAX_HOU,2025,10,JAX,C.Little,3,3,2,2,11,53.0
2025_10_LA_SF,2025,10,LA,H.Mevis,0,0,6,6,6,
2025_10_LA_SF,2025,10,SF,E.Pineiro,0,0,2,3,2,
2025_10_LV_DEN,2025,10,DEN,W.Lutz,1,2,1,1,4,32.0
2025_10_LV_DEN,2025,10,LV,D.Carlson,0,1,1,1,1,
2025_10_NE_TB,2025,10,NE,A.Borregales,0,0,4,4,4,
2025_10_NE_TB,2025,10,TB,C.McLaughlin,1,1,2,2,5,36.0
2025_10_NO_CAR,2025,10,CAR,R.Fitzgerald,0,1,1,1,1,
2025_10_NO_CAR,2025,10,NO,B.Grupe,1,1,2,2,5,20.0
2025_10_NYG_CHI,2025,10,CHI,C.Santos,1,1,3,3,6,22.0
2025_10_NYG_CHI,2025,10,NYG,Y.Koo,2,2,2,2,8,32.0
2025_10_PHI_GB,2025,10,GB,B.McManus,0,1,1,1,1,
2025_10_PHI_GB,2025,10,PHI,J.Elliott,1,1,1,1,4,39.0
2025_10_PIT_LAC,2025,10,LAC,C.Dicker,3,4,2,2,11,59.0
2025_10_PIT_LAC,2025,10,PIT,C.Boswell,1,2,1,1,4,59.0
2025_11_BAL_CLE,2025,11,BAL,T.Loop,3,3,2,2,11,44.0
2025_11_BAL_CLE,2025,11,CLE,A.Szmyt,3,3,1,1,10,46.0
2025_11_CAR_ATL,2025,11,ATL,Z.Gonzalez,2,2,3,3,9,52.0
2025_11_CAR_ATL,2025,11,CAR,R.Fitzgerald,3,3,1,1,10,34.0
2025_11_CHI_MIN,2025,11,CHI,C.Santos,4,5,1,1,13,54.0
2025_11_CHI_MIN,2025,11,MIN,W.Reichard,1,1,2,2,5,31.0
2025_11_CIN_PIT,2025,11,CIN,E.McPherson,2,2,0,0,6,48.0
2025_11_CIN_PIT,2025,11,PIT,C.Boswell,2,2,4,4,10,30.0
2025_11_DAL_LV,2025,11,DAL,B.Aubrey,1,1,4,4,7,50.0
2025_11_DAL_LV,2025,11,LV,D.Carlson,3,3,1,1,10,45.0
2025_11_DET_PHI,2025,11,DET,J.Bates,1,1,0,1,3,54.0
2025_11_DET_PHI,2025,11,PHI,J.Elliott,3,3,1,1,10,49.0
2025_11_GB_NYG,2025,11,GB,L.Havrisik,0,0,1,3,1,
2025_11_GB_NYG,2025,11,NYG,Y.Koo,0,0,2,3,2,
2025_11_HOU_TEN,2025,11,HOU,M.Wright,3,3,1,1,10,43.0
2025_11_HOU_TEN,2025,11,TEN,J.Slye,2,2,1,1,7,56.0
2025_11_KC_DEN,2025,11,DEN,W.Lutz,5,5,1,1,16,54.0
2025_11_KC_DEN,2025,11,KC,H.Butker,2,2,1,2,7,31.0
2025_11_LAC_JAX,2025,11,JAX,C.Little,0,0,5,5,5,
2025_11_LAC_JAX,2025,11,LAC,C.Dicker,2,2,0,0,6,46.0
2025_11_NYJ_NE,2025,11,NE,A.Borregales,2,3,3,3,9,44.0
2025_11_NYJ_NE,2025,11,NYJ,N.Folk,0,0,2,2,2,
2025_11_SEA_LA,2025,11,LA,H.Mevis,0,0,3,3,3,
2025_11_SEA_LA,2025,11,SEA,J.Myers,4,5,1,1,13,57.0
2025_11_SF_ARI,2025,11,ARI,C.Ryland,1,2,1,1,4,26.0
2025_11_SF_ARI,2025,11,SF,E.Pineiro,3,3,2,4,11,48.0
2025_11_TB_BUF,2025,11,BUF,M.Prater,1,1,5,5,8,39.0
2025_11_TB_BUF,2025,11,TB,C.McLaughlin,2,2,2,2,8,24.0
2025_11_WAS_MIA,2025,11,MIA,R.Patterson,3,3,1,1,10,46.0
2025_11_WAS_MIA,2025,11,WAS,M.Gay,2,4,1,1,7,30.0
2025_12_ATL_NO,2025,12,ATL,Z.Gonzalez,3,3,1,1,10,56.0
2025_12_ATL_NO,2025,12,NO,B.Grupe,1,3,1,1,4,33.0
2025_12_BUF_HOU,2025,12,BUF,M.Prater,2,2,1,2,7,44.0
2025_12_BUF_HOU,2025,12,HOU,K.Fairbairn,3,3,2,2,11,43.0
2025_12_CAR_SF,2025,12,CAR,R.Fitzgerald,1,2,0,0,3,25.0
2025_12_CAR_SF,2025,12,SF,M.Gay,2,2,2,2,8,47.0
2025_12_CLE_LV,2025,12,CLE,A.Szmyt,1,1,3,3,6,53.0
2025_12_CLE_LV,2025,12,LV,D.Carlson,1,2,1,1,4,41.0
2025_12_IND_KC,2025,12,IND,M.Badgley,2,2,2,2,8,32.0
2025_12_IND_KC,2025,12,KC,H.Butker,5,5,0,0,15,48.0
2025_12_JAX_ARI,2025,12,ARI,C.Ryland,1,2,3,3,6,29.0
2025_12_JAX_ARI,2025,12,JAX,C.Little,2,2,3,3,9,52.0
2025_12_MIN_GB,2025,12,GB,B.McManus,3,3,2,2,11,40.0
2025_12_MIN_GB,2025,12,MIN,W.Reichard,2,2,0,0,6,59.0
2025_12_NE_CIN,2025,12,CIN,E.McPherson,2,2,2,2,8,63.0
2025_12_NE_CIN,2025,12,NE,A.Borregales,4,4,2,2,14,52.0
2025_12_NYG_DET,2025,12,DET,J.Bates,2,2,4,4,10,59.0
2025_12_NYG_DET,2025,12,NYG,Y.Koo,2,2,3,3,9,44.0
2025_12_NYJ_BAL,2025,12,BAL,T.Loop,3,3,2,2,11,35.0
2025_12_NYJ_BAL,2025,12,NYJ,N.Folk,1,1,1,1,4,42.0
2025_12_PHI_DAL,2025,12,DAL,B.Aubrey,1,2,3,3,6,42.0
2025_12_PHI_DAL,2025,12,PHI,J.Elliott,0,1,3,3,3,
2025_12_PIT_CHI,2025,12,CHI,C.Santos,1,1,4,4,7,47.0
2025_12_PIT_CHI,2025,12,PIT,C.Boswell,0,0,4,4,4,
2025_12_SEA_TEN,2025,12,SEA,J.Myers,3,3,3,3,12,47.0
2025_12_SEA_TEN,2025,12,TEN,J.Slye,1,1,3,3,6,22.0
2025_12_TB_LA,2025,12,LA,H.Mevis,2,2,4,4,10,52.0
2025_12_TB_LA,2025,12,TB,C.McLaughlin,0,0,1,1,1,
2025_13_ARI_TB,2025,13,ARI,C.Ryland,1,2,2,2,5,52.0
2025_13_ARI_TB,2025,13,TB,C.McLaughlin,2,2,2,2,8,57.0
2025_13_ATL_NYJ,2025,13,ATL,Z.Gonzalez,1,2,3,3,6,52.0
2025_13_ATL_NYJ,2025,13,NYJ,N.Folk,2,3,3,3,9,56.0
2025_13_BUF_PIT,2025,13,BUF,M.Prater,2,2,2,3,8,37.0
2025_13_BUF_PIT,2025,13,PIT,C.Boswell,0,0,1,1,1,
2025_13_CHI_PHI,2025,13,CHI,C.Santos,1,1,3,3,6,30.0
2025_13_CHI_PHI,2025,13,PHI,J.Elliott,1,2,0,1,3,44.0
2025_13_CIN_BAL,2025,13,BAL,T.Loop,0,0,2,2,2,
2025_13_CIN_BAL,2025,13,CIN,E.McPherson,6,6,2,2,20,52.0
2025_13_DEN_WAS,2025,13,DEN,W.Lutz,2,2,3,3,9,33.0
2025_13_DEN_WAS,2025,13,WAS,J.Moody,2,2,2,2,8,38.0
2025_13_GB_DET,2025,13,DET,J.Bates,1,1,3,3,6,31.0
2025_13_GB_DET,2025,13,GB,B.McManus,1,1,4,4,7,45.0
2025_13_HOU_IND,2025,13,HOU,K.Fairbairn,2,2,2,2,8,43.0
2025_13_HOU_IND,2025,13,IND,M.Badgley,1,1,1,2,4,42.0
2025_13_JAX_TEN,2025,13,JAX,C.Little,1,1,2,2,5,45.0
2025_13_JAX_TEN,2025,13,TEN,J.Slye,1,1,0,0,3,28.0
2025_13_KC_DAL,2025,13,DAL,B.Aubrey,3,3,2,2,11,49.0
2025_13_KC_DAL,2025,13,KC,H.Butker,0,0,4,4,4,
2025_13_LA_CAR,2025,13,CAR,R.Fitzgerald,1,1,4,4,7,33.0
2025_13_LA_CAR,2025,13,LA,H.Mevis,0,0,4,4,4,
2025_13_LV_LAC,2025,13,LAC,C.Dicker,1,1,4,4,7,56.0
2025_13_LV_LAC,2025,13,LV,D.Carlson,0,0,2,2,2,
2025_13_MIN_SEA,2025,13,SEA,J.Myers,4,4,2,2,14,56.0
2025_13_NO_MIA,2025,13,MIA,R.Patterson,4,4,1,1,13,48.0
2025_13_NO_MIA,2025,13,NO,C.Smyth,1,1,0,0,3,56.0
2025_13_NYG_NE,2025,13,NE,A.Borregales,4,5,3,3,15,30.0
2025_13_NYG_NE,2025,13,NYG,Y.Koo,0,0,1,1,1,
2025_13_SF_CLE,2025,13,SF,M.Gay,2,2,2,2,8,31.0
2025_14_CHI_GB,2025,14,CHI,C.Santos,2,2,1,1,7,41.0
2025_14_CHI_GB,2025,14,GB,B.McManus,0,0,4,4,4,
2025_14_CIN_BUF,2025,14,BUF,M.Prater,1,1,4,4,7,26.0
2025_14_CIN_BUF,2025,14,CIN,E.McPherson,0,0,4,4,4,
2025_14_DAL_DET,2025,14,DAL,B.Aubrey,5,5,1,1,16,63.0
2025_14_DAL_DET,2025,14,DET,J.Bates,3,4,5,5,14,47.0
2025_14_DEN_LV,2025,14,DEN,W.Lutz,1,1,3,3,6,23.0
2025_14_DEN_LV,2025,14,LV,D.Carlson,1,1,2,2,5,46.0
2025_14_HOU_KC,2025,14,HOU,K.Fairbairn,2,2,2,2,8,35.0
2025_14_HOU_KC,2025,14,KC,H.Butker,1,2,1,1,4,36.0
2025_14_IND_JAX,2025,14,IND,B.Grupe,2,2,1,1,7,36.0
2025_14_IND_JAX,2025,14,JAX,C.Little,2,2,4,4,10,48.0
2025_14_LA_ARI,2025,14,ARI,C.Ryland,1,2,2,2,5,38.0
2025_14_LA_ARI,2025,14,LA,H.Mevis,1,1,6,6,9,26.0
2025_14_MIA_NYJ,2025,14,MIA,R.Patterson,2,2,4,4,10,53.0
2025_14_MIA_NYJ,2025,14,NYJ,N.Folk,1,1,1,1,4,31.0
2025_14_NO_TB,2025,14,NO,C.Smyth,1,2,3,3,6,30.0
2025_14_NO_TB,2025,14,TB,C.McLaughlin,2,2,2,2,8,41.0
2025_14_PHI_LAC,2025,14,LAC,C.Dicker,5,5,1,1,16,54.0
2025_14_PHI_LAC,2025,14,PHI,J.Elliott,4,5,1,1,13,54.0
2025_14_PIT_BAL,2025,14,BAL,T.Loop,3,3,1,2,10,36.0
2025_14_PIT_BAL,2025,14,PIT,C.Boswell,2,2,3,3,9,28.0
2025_14_SEA_ATL,2025,14,ATL,Z.Gonzalez,3,4,0,0,9,43.0
2025_14_SEA_ATL,2025,14,SEA,J.Myers,3,3,4,4,13,48.0
2025_14_TEN_CLE,2025,14,CLE,A.Szmyt,1,1,2,2,5,38.0
2025_14_TEN_CLE,2025,14,TEN,J.Slye,1,1,4,4,7,41.0
2025_14_WAS_MIN,2025,14,MIN,W.Reichard,1,1,4,4,7,45.0
2025_15_ARI_HOU,2025,15,ARI,C.Ryland,0,0,2,2,2,
2025_15_ARI_HOU,2025,15,HOU,K.Fairbairn,4,5,4,4,16,55.0
2025_15_ATL_TB,2025,15,ATL,Z.Gonzalez,1,1,2,2,5,43.0
2025_15_ATL_TB,2025,15,TB,C.McLaughlin,2,2,2,2,8,52.0
2025_15_BAL_CIN,2025,15,BAL,T.Loop,1,1,3,3,6,27.0
2025_15_BUF_NE,2025,15,BUF,M.Prater,0,0,5,5,5,
2025_15_BUF_NE,2025,15,NE,A.Borregales,1,1,4,4,7,36.0
2025_15_CAR_NO,2025,15,CAR,R.Fitzgerald,1,1,2,2,5,40.0
2025_15_CAR_NO,2025,15,NO,C.Smyth,2,2,2,2,8,47.0
2025_15_CLE_CHI,2025,15,CHI,C.Santos,1,2,4,4,7,41.0
2025_15_CLE_CHI,2025,15,CLE,A.Szmyt,1,1,0,0,3,50.0
2025_15_DET_LA,2025,15,DET,J.Bates,2,3,4,4,10,48.0
2025_15_DET_LA,2025,15,LA,H.Mevis,2,2,5,5,11,44.0
2025_15_GB_DEN,2025,15,DEN,W.Lutz,0,0,4,4,4,
2025_15_GB_DEN,2025,15,GB,B.McManus,4,4,2,2,14,53.0
2025_15_IND_SEA,2025,15,IND,B.Grupe,3,3,1,1,10,60.0
2025_15_IND_SEA,2025,15,SEA,J.Myers,6,6,0,0,18,56.0
2025_15_LAC_KC,2025,15,KC,H.Butker,2,2,1,1,7,47.0
2025_15_LAC_KC,2025,15,LAC,C.Dicker,3,3,1,1,10,49.0
2025_15_LV_PHI,2025,15,PHI,J.Elliott,1,1,4,4,7,27.0
2025_15_MIA_PIT,2025,15,MIA,R.Patterson,1,1,0,0,3,54.0
2025_15_MIA_PIT,2025,15,PIT,C.Boswell,0,0,4,4,4,
2025_15_MIN_DAL,2025,15,DAL,B.Aubrey,4,6,2,2,14,41.0
2025_15_MIN_DAL,2025,15,MIN,W.Reichard,2,2,4,4,10,53.0
2025_15_NYJ_JAX,2025,15,JAX,C.Little,2,2,6,6,12,33.0
2025_15_NYJ_JAX,2025,15,NYJ,N.Folk,2,2,2,2,8,51.0
2025_15_TEN_SF,2025,15,SF,E.Pineiro,3,3,4,4,13,40.0
2025_15_TEN_SF,2025,15,TEN,J.Slye,1,2,3,3,6,25.0
2025_15_WAS_NYG,2025,15,NYG,Y.Koo,0,2,3,3,3,
2025_15_WAS_NYG,2025,15,WAS,J.Moody,3,3,2,3,11,46.0
2025_16_ATL_ARI,2025,16,ARI,C.Ryland,4,6,1,1,13,51.0
2025_16_ATL_ARI,2025,16,ATL,Z.Gonzalez,2,2,2,3,8,49.0
2025_16_BUF_CLE,2025,16,BUF,M.Badgley,1,1,2,3,5,41.0
2025_16_BUF_CLE,2025,16,CLE,A.Szmyt,2,2,2,2,8,41.0
2025_16_CIN_MIA,2025,16,CIN,E.McPherson,1,1,6,6,9,45.0
2025_16_CIN_MIA,2025,16,MIA,R.Patterson,0,0,3,3,3,
2025_16_GB_CHI,2025,16,CHI,C.Santos,3,3,1,1,10,51.0
2025_16_GB_CHI,2025,16,GB,B.McManus,3,3,1,1,10,28.0
2025_16_JAX_DEN,2025,16,DEN,W.Lutz,2,3,2,2,8,54.0
2025_16_JAX_DEN,2025,16,JAX,C.Little,2,2,4,4,10,47.0
2025_16_KC_TEN,2025,16,KC,H.Butker,3,4,0,0,9,54.0
2025_16_KC_TEN,2025,16,TEN,J.Slye,1,1,3,3,6,27.0
2025_16_LAC_DAL,2025,16,DAL,B.Aubrey,1,1,2,2,5,33.0
2025_16_LAC_DAL,2025,16,LAC,C.Dicker,2,2,4,4,10,37.0
2025_16_LA_SEA,2025,16,LA,H.Mevis,3,4,4,4,13,41.0
2025_16_LA_SEA,2025,16,SEA,J.Myers,0,0,2,2,2,
2025_16_LV_HOU,2025,16,HOU,K.Fairbairn,3,3,2,2,11,55.0
2025_16_LV_HOU,2025,16,LV,D.Carlson,0,0,3,3,3,
2025_16_MIN_NYG,2025,16,MIN,W.Reichard,3,3,1,1,10,43.0
2025_16_MIN_NYG,2025,16,NYG,B.Sauls,2,2,1,1,7,39.0
2025_16_NE_BAL,2025,16,BAL,T.Loop,1,2,3,3,6,36.0
2025_16_NE_BAL,2025,16,NE,A.Borregales,2,2,2,2,8,45.0
2025_16_NYJ_NO,2025,16,NO,C.Smyth,5,6,2,2,17,50.0
2025_16_NYJ_NO,2025,16,NYJ,N.Folk,2,2,0,0,6,36.0
2025_16_PHI_WAS,2025,16,PHI,J.Elliott,0,2,3,3,3,
2025_16_PHI_WAS,2025,16,WAS,J.Moody,1,1,1,1,4,20.0
2025_16_PIT_DET,2025,16,DET,J.Bates,1,1,3,3,6,36.0
2025_16_PIT_DET,2025,16,PIT,C.Boswell,2,3,3,3,9,59.0
2025_16_SF_IND,2025,16,IND,B.Grupe,2,2,3,3,9,51.0
2025_16_SF_IND,2025,16,SF,E.Pineiro,2,3,6,6,12,38.0
2025_16_TB_CAR,2025,16,CAR,R.Fitzgerald,3,3,2,2,11,48.0
2025_16_TB_CAR,2025,16,TB,C.McLaughlin,2,2,2,2,8,50.0
2025_17_ARI_CIN,2025,17,ARI,C.Ryland,0,0,2,2,2,
2025_17_ARI_CIN,2025,17,CIN,E.McPherson,1,1,4,5,7,57.0
2025_17_BAL_GB,2025,17,BAL,T.Loop,2,2,5,5,11,34.0
2025_17_BAL_GB,2025,17,GB,B.McManus,1,1,3,3,6,24.0
2025_17_CHI_SF,2025,17,CHI,C.Santos,1,1,5,5,8,29.0
2025_17_CHI_SF,2025,17,SF,E.Pineiro,0,0,6,6,6,
2025_17_DAL_WAS,2025,17,DAL,B.Aubrey,3,4,3,3,12,52.0
2025_17_DAL_WAS,2025,17,WAS,J.Moody,3,3,2,2,11,51.0
2025_17_DEN_KC,2025,17,DEN,W.Lutz,2,2,2,2,8,30.0
2025_17_DEN_KC,2025,17,KC,H.Butker,2,2,1,1,7,53.0
2025_17_DET_MIN,2025,17,DET,J.Bates,1,1,1,1,4,48.0
2025_17_DET_MIN,2025,17,MIN,W.Reichard,3,3,2,2,11,56.0
2025_17_HOU_LAC,2025,17,HOU,K.Fairbairn,2,2,2,2,8,44.0
2025_17_HOU_LAC,2025,17,LAC,C.Dicker,1,2,1,2,4,27.0
2025_17_JAX_IND,2025,17,IND,B.Grupe,1,1,2,2,5,33.0
2025_17_JAX_IND,2025,17,JAX,C.Little,3,3,2,2,11,53.0
2025_17_LA_ATL,2025,17,ATL,Z.Gonzalez,2,3,3,3,9,56.0
2025_17_LA_ATL,2025,17,LA,H.Mevis,1,1,3,3,6,35.0
2025_17_NE_NYJ,2025,17,NE,A.Borregales,0,1,6,6,6,
2025_17_NE_NYJ,2025,17,NYJ,N.Folk,1,1,1,1,4,39.0
2025_17_NO_TEN,2025,17,NO,C.Smyth,2,3,4,4,10,57.0
2025_17_NO_TEN,2025,17,TEN,J.Slye,4,4,2,2,14,58.0
2025_17_NYG_LV,2025,17,LV,D.Carlson,1,1,1,1,4,42.0
2025_17_NYG_LV,2025,17,NYG,B.Sauls,2,2,4,4,10,32.0
2025_17_PHI_BUF,2025,17,BUF,M.Badgley,0,0,0,1,0,
2025_17_PHI_BUF,2025,17,PHI,J.Elliott,2,2,1,1,7,47.0
2025_17_PIT_CLE,2025,17,CLE,A.Szmyt,2,2,1,1,7,50.0
2025_17_PIT_CLE,2025,17,PIT,C.Boswell,2,3,0,0,6,44.0
2025_17_SEA_CAR,2025,17,CAR,R.Fitzgerald,1,1,1,1,4,35.0
2025_17_SEA_CAR,2025,17,SEA,J.Myers,2,2,3,3,9,48.0
2025_17_TB_MIA,2025,17,MIA,R.Patterson,2,2,2,2,8,31.0
2025_17_TB_MIA,2025,17,TB,C.McLaughlin,1,2,2,2,5,33.0
2025_18_ARI_LA,2025,18,ARI,C.Ryland,2,2,2,2,8,56.0
2025_18_ARI_LA,2025,18,LA,H.Mevis,3,3,4,4,13,42.0
2025_18_BAL_PIT,2025,18,BAL,T.Loop,1,2,3,3,6,40.0
2025_18_BAL_PIT,2025,18,PIT,C.Boswell,2,2,2,3,8,57.0
2025_18_CAR_TB,2025,18,CAR,R.Fitzgerald,0,1,2,2,2,
2025_18_CAR_TB,2025,18,TB,C.McLaughlin,3,4,1,1,10,48.0
2025_18_CLE_CIN,2025,18,CIN,E.McPherson,0,0,0,2,0,
2025_18_CLE_CIN,2025,18,CLE,A.Szmyt,2,2,2,2,8,49.0
2025_18_DAL_NYG,2025,18,DAL,B.Aubrey,1,2,2,2,5,22.0
2025_18_DAL_NYG,2025,18,NYG,B.Sauls,4,4,2,2,14,45.0
2025_18_DET_CHI,2025,18,DET,J.Bates,4,5,1,1,13,42.0
2025_18_GB_MIN,2025,18,GB,B.McManus,1,1,0,0,3,24.0
2025_18_GB_MIN,2025,18,MIN,W.Reichard,3,3,1,1,10,43.0
2025_18_IND_HOU,2025,18,HOU,K.Fairbairn,6,6,2,2,20,51.0
2025_18_IND_HOU,2025,18,IND,B.Grupe,3,3,3,3,12,50.0
2025_18_KC_LV,2025,18,KC,H.Butker,4,4,0,0,12,47.0
2025_18_KC_LV,2025,18,LV,D.Carlson,4,4,0,0,12,60.0
2025_18_LAC_DEN,2025,18,DEN,W.Lutz,4,4,1,1,13,41.0
2025_18_LAC_DEN,2025,18,LAC,C.Dicker,1,1,0,0,3,30.0
2025_18_MIA_NE,2025,18,MIA,R.Patterson,1,1,1,1,4,52.0
2025_18_MIA_NE,2025,18,NE,A.Borregales,1,2,5,5,8,59.0
2025_18_NO_ATL,2025,18,ATL,Z.Gonzalez,4,4,1,1,13,51.0
2025_18_NO_ATL,2025,18,NO,C.Smyth,1,2,2,2,5,29.0
2025_18_NYJ_BUF,2025,18,BUF,M.Prater,0,0,3,3,3,
2025_18_SEA_SF,2025,18,SEA,J.Myers,2,4,1,1,7,45.0
2025_18_SEA_SF,2025,18,SF,E.Pineiro,1,1,0,0,3,48.0
2025_18_TEN_JAX,2025,18,JAX,C.Little,2,2,5,5,11,67.0
2025_18_TEN_JAX,2025,18,TEN,J.Slye,0,1,1,1,1,
2025_18_WAS_PHI,2025,18,PHI,J.Elliott,1,1,2,2,5,39.0
2025_18_WAS_PHI,2025,18,WAS,J.Moody,1,2,3,3,6,56.0
